airline,airline id,source airport,source airport id,destination airport,destination airport id,codeshare,stops,equipment
DE,1868,ACE,1055,SXF,337,,0,32S
DE,1868,FUE,1051,SXF,337,,0,321
DE,1868,LPA,1054,SXF,337,,0,321
DE,1868,PMI,3998,SXF,337,,0,321
DE,1868,TFS,1056,SXF,337,,0,321
DE,1868,XRY,1226,SXF,337,,0,32S
DY,3737,BCN,1218,SXF,337,,0,73H
EI,837,DUB,599,SXF,337,,0,320
FR,4296,EMA,523,SXF,337,,0,738
FR,4296,SNN,603,SXF,337,,0,738
FR,4296,STN,548,SXF,337,,0,738
TP,4869,LIS,1638,SXF,337,,0,319 320
U2,2297,AGP,1230,SXF,337,,0,320 319
U2,2297,AMS,580,SXF,337,,0,319 320
U2,2297,BRS,490,SXF,337,,0,319
U2,2297,BSL,1423,SXF,337,,0,320 319
U2,2297,EDI,535,SXF,337,,0,319
U2,2297,GLA,534,SXF,337,,0,319
U2,2297,LGW,502,SXF,337,,0,319 320
U2,2297,LPL,491,SXF,337,,0,319
U2,2297,LTN,492,SXF,337,,0,320 319
U2,2297,LYS,1335,SXF,337,,0,319
U2,2297,MAD,1229,SXF,337,,0,320 319
U2,2297,MAN,478,SXF,337,,0,320 319
U2,2297,NCE,1354,SXF,337,,0,319
U2,2297,ORY,1386,SXF,337,,0,320
U2,2297,SEN,508,SXF,337,,0,319
4U,2548,CGN,344,DRS,338,,0,319 CRJ
4U,2548,DUS,345,DRS,338,,0,319 CRJ
4U,2548,STR,350,DRS,338,,0,319 CRJ
AB,214,PMI,3998,DRS,338,,0,738 321
AB,214,TFS,1056,DRS,338,,0,738
AF,137,LCY,503,DRS,338,Y,0,AR8
IB,2822,BCN,1218,DRS,338,Y,0,320
LH,3320,FRA,340,DRS,338,,0,735 733 32A E90
LH,3320,MUC,346,DRS,338,,0,E95
U2,2297,BSL,1423,DRS,338,,0,319 320
ST,2547,FUE,1051,ERF,339,,0,73G
ST,2547,LGW,502,ERF,339,,0,319
ST,2547,LPA,1054,ERF,339,,0,73G
ST,2547,PMI,3998,ERF,339,,0,73G
ST,2547,TFS,1056,ERF,339,,0,73G
4U,2548,HDF,5557,FRA,340,,0,CRJ
AA,24,LHR,507,FRA,340,Y,0,319 320
AB,214,ALC,1212,FRA,340,,0,320
AB,214,IBZ,1225,FRA,340,,0,320
AB,214,LCY,503,FRA,340,Y,0,E70 E90 AR8
AB,214,MAD,1229,FRA,340,Y,0,32A
AB,214,PMI,3998,FRA,340,,0,321 320 332
AB,214,TXL,351,FRA,340,,0,738 73G 319 320 DH4
AC,330,VLC,1246,FRA,340,Y,0,319
AF,137,CDG,1382,FRA,340,,0,318
BM,312,BRS,490,FRA,340,,0,ER4
CY,1942,MUC,346,FRA,340,,0,320
DE,1868,ACE,1055,FRA,340,,0,757
DE,1868,FNC,4091,FRA,340,,0,757
DE,1868,FUE,1051,FRA,340,,0,757
DE,1868,LPA,1054,FRA,340,,0,757
DE,1868,SPC,1053,FRA,340,,0,738
DE,1868,TFS,1056,FRA,340,,0,757 738
DE,1868,XRY,1226,FRA,340,,0,767 738 757
EI,837,DUB,599,FRA,340,,0,320
ET,2220,AMS,580,FRA,340,Y,0,32A 319
ET,2220,BCN,1218,FRA,340,Y,0,321
ET,2220,DUS,345,FRA,340,Y,0,319 320 321
ET,2220,LIS,1638,FRA,340,Y,0,321
ET,2220,LYS,1335,FRA,340,Y,0,733 32A 321
ET,2220,MRS,1353,FRA,340,Y,0,320 32A 319
ET,2220,TLS,1273,FRA,340,Y,0,735
LH,3320,ABZ,532,FRA,340,,0,735
LH,3320,AGP,1230,FRA,340,,0,321 320
LH,3320,BHX,469,FRA,340,,0,319 733 32A 321 320
LH,3320,BIA,1321,FRA,340,,0,E90
LH,3320,BIO,1216,FRA,340,,0,321 320 32A 319
LH,3320,BRE,353,FRA,340,,0,319 733 321 735 E90
LH,3320,BSL,1423,FRA,340,,0,CR7
LH,3320,DRS,338,FRA,340,,0,735 733 32A E90
LH,3320,EDI,535,FRA,340,,0,321 32A 320 319
LH,3320,FAO,1626,FRA,340,,0,32A 321 320
LH,3320,FDH,382,FRA,340,Y,0,CR7
LH,3320,FMO,341,FRA,340,Y,0,CR7
LH,3320,GWT,410,FRA,340,Y,0,E90
LH,3320,HAJ,352,FRA,340,,0,735 319 733 32A
LH,3320,HAM,342,FRA,340,,0,319 321 320 32A
LH,3320,LEJ,348,FRA,340,,0,E90 CR7 735
LH,3320,MAN,478,FRA,340,,0,32A 319 321 320 733
LH,3320,MPL,1359,FRA,340,,0,735
LH,3320,NCE,1354,FRA,340,,0,319 32A 321 320
LH,3320,NUE,347,FRA,340,,0,319 735 CR7 321 733 E90 32A 320
LH,3320,OPO,1636,FRA,340,,0,321
LH,3320,STR,350,FRA,340,,0,733 319 735 320 32A
S4,4304,PDL,1633,FRA,340,,0,320
X3,2681,MAH,1231,FRA,340,,0,73H
AB,214,IBZ,1225,FMO,341,,0,738
AB,214,PMI,3998,FMO,341,,0,738 320
FR,4296,AGP,1230,FMO,341,,0,738
FR,4296,GRO,1222,FMO,341,,0,738
LH,3320,FRA,340,FMO,341,Y,0,CR7
LH,3320,MUC,346,FMO,341,Y,0,E95 CR9
W2,18553,BRE,353,FMO,341,,0,J32
W2,18553,STR,350,FMO,341,,0,J32
3L,2916,FDH,382,HAM,342,,0,AT7
4U,2548,AMS,580,HAM,342,,0,CRJ
4U,2548,BCN,1218,HAM,342,,0,319
4U,2548,BHX,469,HAM,342,,0,CRJ
4U,2548,BIA,1321,HAM,342,,0,CRJ
4U,2548,CDG,1382,HAM,342,,0,319 CRJ
4U,2548,CGN,344,HAM,342,,0,319 CRJ
4U,2548,FAO,1626,HAM,342,,0,319
4U,2548,FKB,4166,HAM,342,,0,CRJ
4U,2548,FMM,3986,HAM,342,,0,CRJ
4U,2548,LHR,507,HAM,342,,0,319 CRJ
4U,2548,MAD,1229,HAM,342,,0,CRJ
4U,2548,MAN,478,HAM,342,,0,CRJ
4U,2548,NCE,1354,HAM,342,,0,319
4U,2548,NUE,347,HAM,342,,0,CRJ
4U,2548,PMI,3998,HAM,342,,0,319
4U,2548,STR,350,HAM,342,,0,319 CRJ
4U,2548,TLS,1273,HAM,342,,0,CRJ
7E,563,GWT,410,HAM,342,,0,CNA
AB,214,ACE,1055,HAM,342,,0,320
AB,214,AGP,1230,HAM,342,,0,320 738 321
AB,214,ALC,1212,HAM,342,,0,320
AB,214,DUS,345,HAM,342,,0,320 319 DH4 738
AB,214,FUE,1051,HAM,342,,0,738
AB,214,IBZ,1225,HAM,342,,0,320 738
AB,214,LPA,1054,HAM,342,,0,320
AB,214,MUC,346,HAM,342,,0,320 738 73G
AB,214,TFS,1056,HAM,342,,0,320
BM,312,BRS,490,HAM,342,,0,ER3
DE,1868,FNC,4091,HAM,342,,0,32S
DE,1868,XRY,1226,HAM,342,,0,32S
EI,837,DUB,599,HAM,342,,0,320
LG,3329,SCN,349,HAM,342,,0,DH4
LH,3320,BSL,1423,HAM,342,Y,0,AR1
LH,3320,FRA,340,HAM,342,,0,321 320 319 32A
LH,3320,LIS,1638,HAM,342,Y,0,319 320 321
U2,2297,EDI,535,HAM,342,,0,319
U2,2297,LGW,502,HAM,342,,0,319
U2,2297,LTN,492,HAM,342,,0,319 320
X3,2681,MAH,1231,HAM,342,,0,73H
4U,2548,BCN,1218,CGN,344,,0,320 319
4U,2548,BIA,1321,CGN,344,,0,319
4U,2548,CLY,1322,CGN,344,,0,319
4U,2548,DRS,338,CGN,344,,0,319 CRJ
4U,2548,DUB,599,CGN,344,,0,319
4U,2548,EDI,535,CGN,344,,0,319
4U,2548,FAO,1626,CGN,344,,0,319 320
4U,2548,FDH,382,CGN,344,,0,319 CRJ
4U,2548,HAM,342,CGN,344,,0,319 CRJ
4U,2548,HDF,5557,CGN,344,,0,CRJ
4U,2548,IBZ,1225,CGN,344,,0,320 319
4U,2548,LEJ,348,CGN,344,,0,CRJ 319 320
4U,2548,LHR,507,CGN,344,,0,319 320
4U,2548,LIS,1638,CGN,344,,0,319 320
4U,2548,LPA,1054,CGN,344,,0,319
4U,2548,MAN,478,CGN,344,,0,319
4U,2548,NCE,1354,CGN,344,,0,319 320
4U,2548,PMI,3998,CGN,344,,0,320 319
4U,2548,RLG,772,CGN,344,,0,319
4U,2548,STN,548,CGN,344,,0,319
4U,2548,TXL,351,CGN,344,,0,320 319
4U,2548,XRY,1226,CGN,344,,0,319
AB,214,ACE,1055,CGN,344,,0,738
AB,214,AGP,1230,CGN,344,,0,738
AB,214,FUE,1051,CGN,344,,0,738
AB,214,MAH,1231,CGN,344,,0,738
AB,214,MUC,346,CGN,344,,0,73G
AB,214,TFS,1056,CGN,344,,0,738
AZ,596,AMS,580,CGN,344,Y,0,F70
BE,2421,BHX,469,CGN,344,,0,DH4 E75
DY,3737,ALC,1212,CGN,344,,0,73H
FR,4296,GRO,1222,CGN,344,,0,738
U2,2297,LGW,502,CGN,344,,0,319
X3,2681,FNC,4091,CGN,344,,0,73H
3L,2916,FDH,382,DUS,345,,0,DH3
4U,2548,BCN,1218,DUS,345,,0,320 319
4U,2548,BIA,1321,DUS,345,,0,320
4U,2548,BIO,1216,DUS,345,,0,CRJ
4U,2548,BSL,1423,DUS,345,,0,CRJ
4U,2548,CWL,488,DUS,345,,0,CRJ
4U,2548,DRS,338,DUS,345,,0,319 CRJ
4U,2548,DUB,599,DUS,345,,0,CRJ
4U,2548,HDF,5557,DUS,345,,0,CRJ
4U,2548,IBZ,1225,DUS,345,,0,320
4U,2548,LEJ,348,DUS,345,,0,CRJ
4U,2548,LYS,1335,DUS,345,,0,CRJ
4U,2548,MAD,1229,DUS,345,,0,CRJ
4U,2548,MPL,1359,DUS,345,,0,CRJ
4U,2548,NQY,481,DUS,345,,0,CRJ
4U,2548,NUE,347,DUS,345,,0,CRJ
4U,2548,PMI,3998,DUS,345,,0,320
A5,1203,NTE,1418,DUS,345,,0,ER4
AA,24,LHR,507,DUS,345,Y,0,319 320
AB,214,ACE,1055,DUS,345,,0,738 321 332
AB,214,AGP,1230,DUS,345,,0,332 321
AB,214,ALC,1212,DUS,345,,0,321 332
AB,214,CLY,1322,DUS,345,,0,73G
AB,214,FAO,1626,DUS,345,,0,321 320
AB,214,FNC,4091,DUS,345,,0,738 321
AB,214,FUE,1051,DUS,345,,0,738 332 321
AB,214,GWT,410,DUS,345,,0,DH4 319 738 320
AB,214,HAM,342,DUS,345,,0,319 320 DH4 738
AB,214,LPA,1054,DUS,345,,0,332
AB,214,MAH,1231,DUS,345,,0,738
AB,214,MUC,346,DUS,345,,0,738 320 319 321 DH4
AB,214,NCE,1354,DUS,345,,0,319 320 738
AB,214,PDL,1633,DUS,345,,0,738
AB,214,SPC,1053,DUS,345,,0,321
AB,214,STN,548,DUS,345,,0,DH4
AB,214,STR,350,DUS,345,,0,DH4
AB,214,TFS,1056,DUS,345,,0,332 738 321
AB,214,TXL,351,DUS,345,,0,738 319 73G 320 321 DH4
AF,137,CDG,1382,DUS,345,,0,318 320
AZ,596,AMS,580,DUS,345,Y,0,F70
BA,1355,LCY,503,DUS,345,,0,AR8 E70
BE,2421,BHX,469,DUS,345,,0,E75 DH4 E95
BE,2421,EXT,552,DUS,345,,0,DH4
BE,2421,MAN,478,DUS,345,,0,E75 DH4
DE,1868,XRY,1226,DUS,345,,0,32S 757
ET,2220,FRA,340,DUS,345,Y,0,319 320 321
LH,3320,GLA,534,DUS,345,Y,0,CR9
LH,3320,NCL,521,DUS,345,Y,0,CR9
LH,3320,VLC,1246,DUS,345,,0,319 320
LS,3026,LBA,517,DUS,345,,0,733
TP,4869,LIS,1638,DUS,345,,0,319 320
U2,2297,LGW,502,DUS,345,,0,319
4U,2548,DTM,373,MUC,346,,0,319
AA,24,LHR,507,MUC,346,Y,0,320 321 319
AB,214,ACE,1055,MUC,346,,0,738
AB,214,AGP,1230,MUC,346,,0,738 320
AB,214,ALC,1212,MUC,346,,0,320 738
AB,214,CGN,344,MUC,346,,0,73G
AB,214,DUS,345,MUC,346,,0,320 738 319 321 DH4
AB,214,FAO,1626,MUC,346,,0,738
AB,214,FNC,4091,MUC,346,,0,738
AB,214,FUE,1051,MUC,346,,0,738
AB,214,GWT,410,MUC,346,,0,DH4 73G
AB,214,HAM,342,MUC,346,,0,320 738 73G
AB,214,IBZ,1225,MUC,346,,0,738 320
AB,214,LPA,1054,MUC,346,,0,738
AB,214,MAD,1229,MUC,346,Y,0,319 320 321
AB,214,MAH,1231,MUC,346,,0,738
AB,214,PMI,3998,MUC,346,,0,320 321 738
AB,214,TFS,1056,MUC,346,,0,738
AB,214,TXL,351,MUC,346,,0,321 738 320 319 73G
AF,137,CDG,1382,MUC,346,,0,319 318 320 32A 321
BM,312,BRS,490,MUC,346,,0,ER4
DE,1868,SPC,1053,MUC,346,,0,32S
DE,1868,XRY,1226,MUC,346,,0,32S
EI,837,DUB,599,MUC,346,,0,320
EI,837,ORK,596,MUC,346,,0,320
ET,2220,FRA,340,MUC,346,Y,0,320 319
IB,2822,BCN,1218,MUC,346,Y,0,320
KL,3090,AMS,580,MUC,346,,0,737
LH,3320,BHX,469,MUC,346,Y,0,E95
LH,3320,BIO,1216,MUC,346,,0,319 E95 320
LH,3320,BRE,353,MUC,346,,0,320 E95 319 321
LH,3320,BSL,1423,MUC,346,Y,0,CR7 CR9
LH,3320,DRS,338,MUC,346,,0,E95
LH,3320,FMO,341,MUC,346,Y,0,E95 CR9
LH,3320,HAJ,352,MUC,346,,0,319 320 321 E95
LH,3320,LEJ,348,MUC,346,Y,0,CR9 E95 CR7
LH,3320,LIS,1638,MUC,346,,0,321
LH,3320,LYS,1335,MUC,346,Y,0,E95 CR9
LH,3320,MAN,478,MUC,346,,0,320 319
LH,3320,MRS,1353,MUC,346,Y,0,E95 CR9
LH,3320,NCE,1354,MUC,346,,0,E95
LH,3320,NUE,347,MUC,346,Y,0,CR7 CR9
LH,3320,PAD,371,MUC,346,Y,0,CR9 CR7
LH,3320,RLG,772,MUC,346,Y,0,CR9 E95
LH,3320,RTM,591,MUC,346,Y,0,CR7 CR9
LH,3320,STR,350,MUC,346,Y,0,CR9 CR7 E95
LH,3320,TLS,1273,MUC,346,Y,0,E95 319 CR9
LH,3320,VLC,1246,MUC,346,,0,319
S4,4304,OPO,1636,MUC,346,,0,320
U2,2297,EDI,535,MUC,346,,0,319
U2,2297,LGW,502,MUC,346,,0,319 320
U2,2297,STN,548,MUC,346,,0,319
V7,20577,BOD,1264,MUC,346,,0,717
V7,20577,NTE,1418,MUC,346,,0,717
4U,2548,DUS,345,NUE,347,,0,CRJ
4U,2548,HAM,342,NUE,347,,0,CRJ
4U,2548,TXL,351,NUE,347,,0,319
AB,214,FUE,1051,NUE,347,,0,738
AB,214,IBZ,1225,NUE,347,,0,738
AB,214,LPA,1054,NUE,347,,0,738
AB,214,PMI,3998,NUE,347,,0,738
AB,214,TFS,1056,NUE,347,,0,738
AF,137,CDG,1382,NUE,347,,0,E70
FR,4296,AGP,1230,NUE,347,,0,738
FR,4296,ALC,1212,NUE,347,,0,738
FR,4296,STN,548,NUE,347,,0,738
IB,2822,BCN,1218,NUE,347,Y,0,320
KL,3090,AMS,580,NUE,347,Y,0,EMJ F70
LH,3320,FRA,340,NUE,347,,0,319 735 CR7 321 733 E90 32A 320
LH,3320,MUC,346,NUE,347,Y,0,CR7 CR9
4U,2548,CGN,344,LEJ,348,,0,CRJ 319 320
4U,2548,DUS,345,LEJ,348,,0,CRJ
4U,2548,STR,350,LEJ,348,,0,319 CRJ
AB,214,ACE,1055,LEJ,348,,0,738
AB,214,FNC,4091,LEJ,348,,0,738
AB,214,FUE,1051,LEJ,348,,0,738
AB,214,PMI,3998,LEJ,348,,0,738 320
AB,214,TFS,1056,LEJ,348,,0,738
DE,1868,LPA,1054,LEJ,348,,0,321
F7,2420,AMS,580,LEJ,348,,0,S20
F7,2420,CDG,1382,LEJ,348,,0,S20
FR,4296,STN,548,LEJ,348,,0,738
IB,2822,BCN,1218,LEJ,348,Y,0,319 320
LH,3320,FRA,340,LEJ,348,,0,CR7 E90 735
LH,3320,MUC,346,LEJ,348,Y,0,CR9 E95 CR7
ST,2547,BRE,353,LEJ,348,,0,319
AB,214,PMI,3998,SCN,349,,0,73G 738 320
AB,214,TXL,351,SCN,349,,0,73G 320
LG,3329,HAM,342,SCN,349,,0,DH4
4U,2548,AGP,1230,STR,350,,0,320 319
4U,2548,BCN,1218,STR,350,,0,319 320
4U,2548,BIA,1321,STR,350,,0,319
4U,2548,BIO,1216,STR,350,,0,CRJ 319
4U,2548,BRE,353,STR,350,,0,319 CRJ
4U,2548,DRS,338,STR,350,,0,319 CRJ
4U,2548,FAO,1626,STR,350,,0,319 320
4U,2548,HAJ,352,STR,350,,0,319
4U,2548,HAM,342,STR,350,,0,319 CRJ
4U,2548,HDF,5557,STR,350,,0,CRJ
4U,2548,IBZ,1225,STR,350,,0,319
4U,2548,LEJ,348,STR,350,,0,319 CRJ
4U,2548,LHR,507,STR,350,,0,319 320
4U,2548,LIS,1638,STR,350,,0,319
4U,2548,PMI,3998,STR,350,,0,319 320
4U,2548,RLG,772,STR,350,,0,319
4U,2548,STN,548,STR,350,,0,319
4U,2548,TXL,351,STR,350,,0,319 320 CRJ
AB,214,ALC,1212,STR,350,,0,320 738
AB,214,DUS,345,STR,350,,0,DH4
AB,214,GWT,410,STR,350,,0,DH4 73G
AF,137,CDG,1382,STR,350,,0,AR8
BE,2421,BHX,469,STR,350,,0,E75 DH4
DE,1868,ACE,1055,STR,350,,0,32S
DE,1868,FNC,4091,STR,350,,0,32S
DE,1868,FUE,1051,STR,350,,0,32S
DE,1868,LPA,1054,STR,350,,0,32S
DE,1868,TFS,1056,STR,350,,0,32S
DE,1868,XRY,1226,STR,350,,0,32S
EI,837,DUB,599,STR,350,,0,320
KL,3090,AMS,580,STR,350,Y,0,F70 EMJ
LH,3320,FRA,340,STR,350,,0,319 735 320 32A
LH,3320,MUC,346,STR,350,Y,0,CR9 CR7 E95
W2,18553,FMO,341,STR,350,,0,J32
X3,2681,MAH,1231,STR,350,,0,73H
3L,2916,FDH,382,TXL,351,,0,AT7
4U,2548,AGP,1230,TXL,351,,0,319
4U,2548,BHX,469,TXL,351,,0,319
4U,2548,BIA,1321,TXL,351,,0,320
4U,2548,CGN,344,TXL,351,,0,319 320
4U,2548,FMM,3986,TXL,351,,0,CRJ
4U,2548,IBZ,1225,TXL,351,,0,319
4U,2548,LHR,507,TXL,351,,0,319 320
4U,2548,NCE,1354,TXL,351,,0,319
4U,2548,NUE,347,TXL,351,,0,319
4U,2548,PMI,3998,TXL,351,,0,320
4U,2548,STR,350,TXL,351,,0,320 319 CRJ
AB,214,ACE,1055,TXL,351,,0,321
AB,214,ALC,1212,TXL,351,,0,320 73G
AB,214,BCN,1218,TXL,351,,0,738 320 321
AB,214,DUS,345,TXL,351,,0,738 319 320 73G 321 DH4
AB,214,FAO,1626,TXL,351,,0,321 320
AB,214,FKB,4166,TXL,351,,0,73G 319 DH4
AB,214,FNC,4091,TXL,351,,0,332 321
AB,214,FRA,340,TXL,351,,0,320 738 73G 319 DH4
AB,214,FUE,1051,TXL,351,,0,321 738
AB,214,GWT,410,TXL,351,,0,DH4
AB,214,LPA,1054,TXL,351,,0,321 320
AB,214,MAD,1229,TXL,351,,0,738 320
AB,214,MAH,1231,TXL,351,,0,738
AB,214,MUC,346,TXL,351,,0,738 321 320 319 73G
AB,214,ORY,1386,TXL,351,,0,738 320 319
AB,214,SCN,349,TXL,351,,0,73G 320
AB,214,TFS,1056,TXL,351,,0,321
AF,137,CDG,1382,TXL,351,,0,319 321 320 318
AF,137,MRS,1353,TXL,351,,0,320 319
AZ,596,AMS,580,TXL,351,Y,0,737
HV,5039,EIN,585,TXL,351,,0,73W
IB,2822,BIO,1216,TXL,351,Y,0,320
TO,8745,NTE,1418,TXL,351,,0,73H
W2,18553,MHG,356,TXL,351,,0,D38
4U,2548,BCN,1218,HAJ,352,,0,319
4U,2548,PMI,3998,HAJ,352,,0,319
4U,2548,STN,548,HAJ,352,,0,319
4U,2548,STR,350,HAJ,352,,0,319
AA,24,LHR,507,HAJ,352,Y,0,319
AB,214,IBZ,1225,HAJ,352,,0,738
AF,137,CDG,1382,HAJ,352,,0,E70 AR8
AZ,596,AMS,580,HAJ,352,Y,0,E90 F70
BE,2421,BHX,469,HAJ,352,,0,E75
BE,2421,MAN,478,HAJ,352,,0,E75
DE,1868,ACE,1055,HAJ,352,,0,32S
DE,1868,FUE,1051,HAJ,352,,0,32S
EI,837,DUB,599,HAJ,352,,0,320
IB,2822,AGP,1230,HAJ,352,Y,0,320
LH,3320,FRA,340,HAJ,352,,0,319 735 733 32A
LH,3320,MUC,346,HAJ,352,,0,320 321 319 E95
X3,2681,FAO,1626,HAJ,352,,0,73H
X3,2681,FNC,4091,HAJ,352,,0,73H
X3,2681,LPA,1054,HAJ,352,,0,73H
X3,2681,MAH,1231,HAJ,352,,0,73H
X3,2681,TFS,1056,HAJ,352,,0,73H
X3,2681,XRY,1226,HAJ,352,,0,73H
4U,2548,STR,350,BRE,353,,0,319 CRJ
AF,137,CDG,1382,BRE,353,,0,E70
AZ,596,AMS,580,BRE,353,Y,0,F70
BM,312,TLS,1273,BRE,353,,0,ER4
FR,4296,AGP,1230,BRE,353,,0,738
FR,4296,ALC,1212,BRE,353,,0,738
FR,4296,BZR,1360,BRE,353,,0,738
FR,4296,DUB,599,BRE,353,,0,738
FR,4296,EDI,535,BRE,353,,0,738
FR,4296,FAO,1626,BRE,353,,0,738
FR,4296,FUE,1051,BRE,353,,0,738
FR,4296,GRO,1222,BRE,353,,0,738
FR,4296,LPA,1054,BRE,353,,0,738
FR,4296,MAN,478,BRE,353,,0,738
FR,4296,OPO,1636,BRE,353,,0,738
FR,4296,STN,548,BRE,353,,0,738
FR,4296,TFS,1056,BRE,353,,0,738
LH,3320,FRA,340,BRE,353,,0,733 319 321 735 E90
LH,3320,MUC,346,BRE,353,,0,E95 319 321 320
ST,2547,ACE,1055,BRE,353,,0,319
ST,2547,FNC,4091,BRE,353,,0,319
ST,2547,IBZ,1225,BRE,353,,0,319
ST,2547,LEJ,348,BRE,353,,0,319
W2,18553,FMO,341,BRE,353,,0,J32
FR,4296,ACE,1055,HHN,355,,0,738
FR,4296,AGP,1230,HHN,355,,0,738
FR,4296,ALC,1212,HHN,355,,0,738
FR,4296,DUB,599,HHN,355,,0,738
FR,4296,EDI,535,HHN,355,,0,738
FR,4296,FAO,1626,HHN,355,,0,738
FR,4296,GRO,1222,HHN,355,,0,738
FR,4296,IBZ,1225,HHN,355,,0,738
FR,4296,KIR,601,HHN,355,,0,738
FR,4296,LIS,1638,HHN,355,,0,738
FR,4296,MPL,1359,HHN,355,,0,738
FR,4296,OPO,1636,HHN,355,,0,738
FR,4296,REU,1236,HHN,355,,0,738
FR,4296,SCQ,1243,HHN,355,,0,738
FR,4296,SDR,1251,HHN,355,,0,738
FR,4296,STN,548,HHN,355,,0,738
FR,4296,TFS,1056,HHN,355,,0,738
FR,4296,VLC,1246,HHN,355,,0,738
FR,4296,XRY,1226,HHN,355,,0,738
W2,18553,TXL,351,MHG,356,,0,D38
ST,2547,TLS,1273,XFW,362,,0,319
AB,214,IBZ,1225,PAD,371,,0,738
DE,1868,ACE,1055,PAD,371,,0,32S
DE,1868,FUE,1051,PAD,371,,0,32S
DE,1868,LPA,1054,PAD,371,,0,32S
DE,1868,TFS,1056,PAD,371,,0,32S
LH,3320,MUC,346,PAD,371,Y,0,CR9 CR7
4U,2548,HDF,5557,DTM,373,,0,319
4U,2548,MUC,346,DTM,373,,0,319
FR,4296,AGP,1230,DTM,373,,0,738
FR,4296,FAO,1626,DTM,373,,0,738
FR,4296,GRO,1222,DTM,373,,0,738
FR,4296,OPO,1636,DTM,373,,0,738
FR,4296,STN,548,DTM,373,,0,738
IB,2822,BCN,1218,DTM,373,,0,320
U2,2297,LTN,492,DTM,373,,0,319
ST,2547,MRS,1353,AGB,374,,0,FRJ
3L,2916,DUS,345,FDH,382,,0,DH3
3L,2916,HAM,342,FDH,382,,0,AT7
3L,2916,TXL,351,FDH,382,,0,AT7
4U,2548,CGN,344,FDH,382,,0,319 CRJ
AB,214,IBZ,1225,FDH,382,,0,320
LH,3320,FRA,340,FDH,382,Y,0,CR7
X3,2681,BSL,1423,ZQW,393,,0,73H
X3,2681,FUE,1051,ZQW,393,,0,73H
X3,2681,NUE,347,ZQW,393,,0,73H
X3,2681,TFS,1056,ZQW,393,,0,73H
7E,563,HAM,342,GWT,410,,0,CNA
AB,214,DUS,345,GWT,410,,0,DH4 319 738 320
AB,214,MUC,346,GWT,410,,0,DH4 73G
AB,214,STR,350,GWT,410,,0,DH4 73G
AB,214,TXL,351,GWT,410,,0,DH4
LH,3320,FRA,340,GWT,410,Y,0,E90
LS,3026,ACE,1055,BFS,465,,0,733
LS,3026,AGP,1230,BFS,465,,0,733
LS,3026,ALC,1212,BFS,465,,0,733
LS,3026,FAO,1626,BFS,465,,0,733
LS,3026,MJV,1227,BFS,465,,0,733
LS,3026,REU,1236,BFS,465,,0,733
LS,3026,TFS,1056,BFS,465,,0,733
U2,2297,AMS,580,BFS,465,,0,319
U2,2297,BCN,1218,BFS,465,,0,319
U2,2297,BHX,469,BFS,465,,0,319
U2,2297,BRS,490,BFS,465,,0,319
U2,2297,CDG,1382,BFS,465,,0,319
U2,2297,EDI,535,BFS,465,,0,319 320
U2,2297,GLA,534,BFS,465,,0,319 320
U2,2297,LGW,502,BFS,465,,0,319
U2,2297,LPL,491,BFS,465,,0,320 319
U2,2297,LTN,492,BFS,465,,0,319 320
U2,2297,MAN,478,BFS,465,,0,319
U2,2297,NCE,1354,BFS,465,,0,319
U2,2297,NCL,521,BFS,465,,0,319 320
U2,2297,STN,548,BFS,465,,0,319 320
AA,24,LHR,507,BHD,467,Y,0,319
BE,2421,ABZ,532,BHD,467,,0,DH4
BE,2421,BHX,469,BHD,467,,0,DH4 E75
BE,2421,CWL,488,BHD,467,,0,DH4
BE,2421,EDI,535,BHD,467,,0,DH4
BE,2421,EMA,523,BHD,467,,0,DH4
BE,2421,EXT,552,BHD,467,,0,DH4
BE,2421,GLA,534,BHD,467,,0,DH4
BE,2421,INV,533,BHD,467,,0,DH4
BE,2421,LBA,517,BHD,467,,0,DH4
BE,2421,MAN,478,BHD,467,,0,E75 DH4
BE,2421,NCL,521,BHD,467,,0,DH4
BE,2421,SOU,495,BHD,467,,0,DH4
EI,837,AGP,1230,BHD,467,,0,320
EI,837,FAO,1626,BHD,467,,0,320
EI,837,LGW,502,BHD,467,,0,320 319
FR,4296,BHX,469,LDY,468,,0,738
FR,4296,FAO,1626,LDY,468,,0,738
FR,4296,LPL,491,LDY,468,,0,738
FR,4296,PIK,537,LDY,468,,0,738
FR,4296,STN,548,LDY,468,,0,738
4U,2548,HAM,342,BHX,469,,0,CRJ
4U,2548,TXL,351,BHX,469,,0,319
AF,137,CDG,1382,BHX,469,,0,319 320
AF,137,LYS,1335,BHX,469,Y,0,E75
BE,2421,ABZ,532,BHX,469,,0,E75 DH4
BE,2421,ALC,1212,BHX,469,,0,E75
BE,2421,AMS,580,BHX,469,,0,E75 DH4
BE,2421,BHD,467,BHX,469,,0,DH4 E75
BE,2421,CGN,344,BHX,469,,0,DH4 E75
BE,2421,DUS,345,BHX,469,,0,E75 DH4 E95
BE,2421,EDI,535,BHX,469,,0,DH4 E75
BE,2421,GLA,534,BHX,469,,0,DH4 E75
BE,2421,HAJ,352,BHX,469,,0,E75
BE,2421,INV,533,BHX,469,,0,DH4 E75
BE,2421,NOC,600,BHX,469,,0,DH4
BE,2421,OPO,1636,BHX,469,,0,E75
BE,2421,STR,350,BHX,469,,0,E75 DH4
BE,2421,WAT,605,BHX,469,,0,DH4
DE,1868,ACE,1055,BHX,469,Y,0,757
EI,837,DUB,599,BHX,469,,0,320
EI,837,ORK,596,BHX,469,Y,0,AT7
EI,837,SNN,603,BHX,469,Y,0,AT4 AT7
FR,4296,AGP,1230,BHX,469,,0,738
FR,4296,BCN,1218,BHX,469,,0,738
FR,4296,FAO,1626,BHX,469,,0,738
FR,4296,FUE,1051,BHX,469,,0,738
FR,4296,IBZ,1225,BHX,469,,0,738
FR,4296,LDY,468,BHX,469,,0,738
FR,4296,LPA,1054,BHX,469,,0,738
FR,4296,MJV,1227,BHX,469,,0,738
FR,4296,REU,1236,BHX,469,,0,738
FR,4296,TFS,1056,BHX,469,,0,738
LH,3320,FRA,340,BHX,469,,0,733 319 32A 321 320
LH,3320,MUC,346,BHX,469,Y,0,E95
T3,2117,NCL,521,BHX,469,,0,J32
TO,8745,FNC,4091,BHX,469,,0,75W
U2,2297,BFS,465,BHX,469,,0,319
ZB,220,LEI,1213,BHX,469,,0,321
ZB,220,MAH,1231,BHX,469,,0,321
ZB,220,NCE,1354,BHX,469,,0,320 321
4U,2548,CGN,344,MAN,478,,0,319
4U,2548,HAM,342,MAN,478,,0,CRJ
AA,24,LHR,507,MAN,478,Y,0,319 320 321
AF,137,CDG,1382,MAN,478,,0,321 320
AF,137,NTE,1418,MAN,478,Y,0,E75 DH4
BE,2421,ABZ,532,MAN,478,,0,E75 DH4
BE,2421,BHD,467,MAN,478,,0,E75 DH4
BE,2421,DUS,345,MAN,478,,0,E75 DH4
BE,2421,EDI,535,MAN,478,,0,DH4 E75
BE,2421,EXT,552,MAN,478,,0,DH4
BE,2421,GLA,534,MAN,478,,0,DH4
BE,2421,HAJ,352,MAN,478,,0,E75
BE,2421,INV,533,MAN,478,,0,DH4
BE,2421,NOC,600,MAN,478,,0,DH4 E75
BE,2421,NQY,481,MAN,478,,0,DH4
BE,2421,NWI,547,MAN,478,Y,0,D38
BE,2421,SOU,495,MAN,478,,0,DH4
BE,2421,WAT,605,MAN,478,,0,DH4
CI,1756,AMS,580,MAN,478,Y,0,737 E90 F70
DE,1868,ACE,1055,MAN,478,Y,0,330 320
DE,1868,FUE,1051,MAN,478,,0,757
DE,1868,IBZ,1225,MAN,478,,0,757
EI,837,DUB,599,MAN,478,,0,320
EI,837,ORK,596,MAN,478,Y,0,AT7
EI,837,SNN,603,MAN,478,Y,0,AT7 AT4
FR,4296,AGP,1230,MAN,478,,0,738
FR,4296,ALC,1212,MAN,478,,0,738
FR,4296,BCN,1218,MAN,478,,0,738
FR,4296,BRE,353,MAN,478,,0,738
FR,4296,BVA,1367,MAN,478,,0,738
FR,4296,BZR,1360,MAN,478,,0,738
FR,4296,FAO,1626,MAN,478,,0,738
FR,4296,GRO,1222,MAN,478,,0,738
FR,4296,LIS,1638,MAN,478,,0,738
FR,4296,LPA,1054,MAN,478,,0,738
FR,4296,MAD,1229,MAN,478,,0,738
FR,4296,MJV,1227,MAN,478,,0,738
FR,4296,REU,1236,MAN,478,,0,738
FR,4296,VLC,1246,MAN,478,,0,738
LH,3320,FRA,340,MAN,478,,0,319 321 32A 320 733
LH,3320,MUC,346,MAN,478,,0,319 320
LS,3026,FNC,4091,MAN,478,,0,75W 733
LS,3026,MAH,1231,MAN,478,,0,733
LS,3026,NCE,1354,MAN,478,,0,733
LS,3026,TLS,1273,MAN,478,,0,733
TO,8745,LEI,1213,MAN,478,,0,73H
U2,2297,BFS,465,MAN,478,,0,319
U2,2297,BIO,1216,MAN,478,,0,319
U2,2297,BSL,1423,MAN,478,,0,320 319
U2,2297,SXF,337,MAN,478,,0,320 319
4U,2548,DUS,345,NQY,481,,0,CRJ
BA,1355,LGW,502,NQY,481,Y,0,DH4
BE,2421,MAN,478,NQY,481,,0,DH4
IOS,2951,EXT,552,NQY,481,,0,DHT
IOS,2951,ISC,4347,NQY,481,,0,DHT
4U,2548,DUS,345,CWL,488,,0,CRJ
AF,137,EDI,535,CWL,488,Y,0,F50
AF,137,GLA,534,CWL,488,Y,0,F50
AF,137,ORY,1386,CWL,488,Y,0,F50
AZ,596,AMS,580,CWL,488,Y,0,F70
BE,2421,BHD,467,CWL,488,,0,DH4
EI,837,DUB,599,CWL,488,Y,0,AT7
IB,2822,AGP,1230,CWL,488,Y,0,320
IB,2822,ALC,1212,CWL,488,Y,0,320
T3,2117,NCL,521,CWL,488,,0,J41 S20
V9,10800,VLY,5574,CWL,488,,0,J31
AZ,596,AMS,580,BRS,490,Y,0,E90
BM,312,ABZ,532,BRS,490,,0,ER4
BM,312,FRA,340,BRS,490,,0,ER4
BM,312,HAM,342,BRS,490,,0,ER3
BM,312,MUC,346,BRS,490,,0,ER4
EI,837,DUB,599,BRS,490,Y,0,AT7 AT4
EI,837,ORK,596,BRS,490,Y,0,AT7
EI,837,SNN,603,BRS,490,Y,0,AT4
FR,4296,ACE,1055,BRS,490,,0,738
FR,4296,ALC,1212,BRS,490,,0,738
FR,4296,BZR,1360,BRS,490,,0,738
FR,4296,EGC,1265,BRS,490,,0,738
FR,4296,FAO,1626,BRS,490,,0,738
FR,4296,GRO,1222,BRS,490,,0,738
FR,4296,IBZ,1225,BRS,490,,0,738
FR,4296,LIG,1270,BRS,490,,0,738
FR,4296,LPA,1054,BRS,490,,0,738
FR,4296,NOC,600,BRS,490,,0,738
FR,4296,REU,1236,BRS,490,,0,738
FR,4296,VLC,1246,BRS,490,,0,738
ST,2547,CEG,519,BRS,490,,0,ER4
ST,2547,TLS,1273,BRS,490,,0,ER4
TO,8745,FUE,1051,BRS,490,,0,75W
U2,2297,BFS,465,BRS,490,,0,319
U2,2297,BOD,1264,BRS,490,,0,319 320
U2,2297,CDG,1382,BRS,490,,0,319 320
U2,2297,EDI,535,BRS,490,,0,320 319
U2,2297,FNC,4091,BRS,490,,0,320
U2,2297,GLA,534,BRS,490,,0,319
U2,2297,INV,533,BRS,490,,0,319
U2,2297,LIS,1638,BRS,490,,0,320
U2,2297,MAD,1229,BRS,490,,0,320 319
U2,2297,MJV,1227,BRS,490,,0,319 320
U2,2297,NCE,1354,BRS,490,,0,319 320
U2,2297,NCL,521,BRS,490,,0,319 320
U2,2297,SXF,337,BRS,490,,0,319
FR,4296,ACE,1055,LPL,491,,0,738
FR,4296,ALC,1212,LPL,491,,0,738
FR,4296,CCF,1352,LPL,491,,0,738
FR,4296,DUB,599,LPL,491,,0,738
FR,4296,EGC,1265,LPL,491,,0,738
FR,4296,FAO,1626,LPL,491,,0,738
FR,4296,FNI,1439,LPL,491,,0,738
FR,4296,FUE,1051,LPL,491,,0,738
FR,4296,IBZ,1225,LPL,491,,0,738
FR,4296,LDY,468,LPL,491,,0,738
FR,4296,LIG,1270,LPL,491,,0,738
FR,4296,NOC,600,LPL,491,,0,738
FR,4296,OPO,1636,LPL,491,,0,738
FR,4296,ORK,596,LPL,491,,0,738
FR,4296,REU,1236,LPL,491,,0,738
FR,4296,SNN,603,LPL,491,,0,738
U2,2297,AMS,580,LPL,491,,0,319 320
U2,2297,BFS,465,LPL,491,,0,320 319
U2,2297,CDG,1382,LPL,491,,0,319 320
U2,2297,LIS,1638,LPL,491,,0,319 320
U2,2297,MAD,1229,LPL,491,,0,320 319
U2,2297,NCE,1354,LPL,491,,0,319 320
U2,2297,SXF,337,LPL,491,,0,319
FR,4296,ACE,1055,LTN,492,,0,738
FR,4296,BZR,1360,LTN,492,,0,738
FR,4296,DUB,599,LTN,492,,0,738
FR,4296,FNI,1439,LTN,492,,0,738
FR,4296,GRO,1222,LTN,492,,0,738
FR,4296,KIR,601,LTN,492,,0,738
FR,4296,MJV,1227,LTN,492,,0,738
FR,4296,NOC,600,LTN,492,,0,738
FR,4296,REU,1236,LTN,492,,0,738
TO,8745,FAO,1626,LTN,492,,0,75W 73H
TO,8745,IBZ,1225,LTN,492,,0,73H
U2,2297,ABZ,532,LTN,492,,0,319 320
U2,2297,ALC,1212,LTN,492,,0,319 320
U2,2297,AMS,580,LTN,492,,0,320 319
U2,2297,BFS,465,LTN,492,,0,319 320
U2,2297,BOD,1264,LTN,492,,0,319
U2,2297,CDG,1382,LTN,492,,0,319 320
U2,2297,DTM,373,LTN,492,,0,319
U2,2297,EDI,535,LTN,492,,0,320 319
U2,2297,GLA,534,LTN,492,,0,319 320
U2,2297,HAM,342,LTN,492,,0,319 320
U2,2297,INV,533,LTN,492,,0,319
U2,2297,LIS,1638,LTN,492,,0,319 320
U2,2297,MAD,1229,LTN,492,,0,319 320
U2,2297,MPL,1359,LTN,492,,0,319
U2,2297,NCE,1354,LTN,492,,0,319 320
U2,2297,SXF,337,LTN,492,,0,320 319
ZB,220,MAH,1231,LTN,492,,0,321
EI,837,DUB,599,BOH,494,Y,0,AT4
FR,4296,ALC,1212,BOH,494,,0,738
FR,4296,CCF,1352,BOH,494,,0,738
FR,4296,FAO,1626,BOH,494,,0,738
FR,4296,GRO,1222,BOH,494,,0,738
FR,4296,IBZ,1225,BOH,494,,0,738
FR,4296,MJV,1227,BOH,494,,0,738
AF,137,BES,1403,SOU,495,Y,0,DH4
AF,137,EGC,1265,SOU,495,Y,0,DH4
AF,137,LIG,1270,SOU,495,Y,0,DH4
AF,137,LRH,6493,SOU,495,Y,0,DH4
AF,137,NCE,1354,SOU,495,Y,0,E95
AF,137,NTE,1418,SOU,495,Y,0,DH4
AF,137,ORY,1386,SOU,495,Y,0,DH4
AF,137,RNS,1415,SOU,495,Y,0,DH4
BE,2421,ALC,1212,SOU,495,,0,E95
BE,2421,AMS,580,SOU,495,,0,DH4 E75
BE,2421,BHD,467,SOU,495,,0,DH4
BE,2421,DUB,599,SOU,495,,0,DH4 E95
BE,2421,EDI,535,SOU,495,,0,DH4
BE,2421,FAO,1626,SOU,495,,0,E95
BE,2421,GLA,534,SOU,495,,0,DH4
BE,2421,MAN,478,SOU,495,,0,DH4
BE,2421,NCL,521,SOU,495,,0,DH4
T3,2117,LBA,517,SOU,495,,0,J41
BA,1355,ALC,1212,LGW,502,,0,319 734
BA,1355,AMS,580,LGW,502,,0,319 734
BA,1355,BOD,1264,LGW,502,,0,734 319
BA,1355,EDI,535,LGW,502,,0,734 319
BA,1355,GLA,534,LGW,502,,0,734 319
BA,1355,NCE,1354,LGW,502,,0,319 320 734
BA,1355,NQY,481,LGW,502,Y,0,DH4
DY,3737,IBZ,1225,LGW,502,,0,73H
EI,837,BHD,467,LGW,502,,0,320 319
EI,837,DUB,599,LGW,502,,0,320 319
EI,837,NOC,600,LGW,502,,0,319
FR,4296,ORK,596,LGW,502,,0,738
FR,4296,SNN,603,LGW,502,,0,738
FR,4296,SVQ,1253,LGW,502,,0,738
S4,4304,LIS,1638,LGW,502,Y,0,319
S4,4304,PDL,1633,LGW,502,,0,320
ST,2547,ERF,339,LGW,502,,0,319
TO,8745,FNC,4091,LGW,502,,0,75W
TO,8745,MAH,1231,LGW,502,,0,73H
TP,4869,OPO,1636,LGW,502,,0,320 319
U2,2297,ABZ,532,LGW,502,,0,319
U2,2297,AJA,1324,LGW,502,,0,320
U2,2297,BFS,465,LGW,502,,0,319
U2,2297,BIA,1321,LGW,502,,0,319
U2,2297,BSL,1423,LGW,502,,0,320 319
U2,2297,CDG,1382,LGW,502,,0,319
U2,2297,CGN,344,LGW,502,,0,319
U2,2297,DUS,345,LGW,502,,0,319
U2,2297,HAM,342,LGW,502,,0,319
U2,2297,INV,533,LGW,502,,0,319
U2,2297,LEI,1213,LGW,502,,0,319 320
U2,2297,LYS,1335,LGW,502,,0,319
U2,2297,MAD,1229,LGW,502,,0,320 319
U2,2297,MJV,1227,LGW,502,,0,319 320
U2,2297,MPL,1359,LGW,502,,0,319
U2,2297,MRS,1353,LGW,502,,0,319 320
U2,2297,MUC,346,LGW,502,,0,319 320
U2,2297,NCL,521,LGW,502,,0,319 320
U2,2297,NTE,1418,LGW,502,,0,319
U2,2297,SCQ,1243,LGW,502,,0,319
U2,2297,SXB,1435,LGW,502,,0,319
U2,2297,SXF,337,LGW,502,,0,319 320
U2,2297,TLS,1273,LGW,502,,0,319 320
U2,2297,VLC,1246,LGW,502,,0,320 319
AB,214,FRA,340,LCY,503,Y,0,E70 E90 AR8
AF,137,AMS,580,LCY,503,Y,0,AR8
AF,137,BES,1403,LCY,503,Y,0,F50
AF,137,BVE,1278,LCY,503,Y,0,AR8
AF,137,DOL,1408,LCY,503,Y,0,F50
AF,137,DRS,338,LCY,503,Y,0,AR8
AF,137,DUB,599,LCY,503,Y,0,AR8
AF,137,NTE,1418,LCY,503,Y,0,AR8 F50
AF,137,ORY,1386,LCY,503,,0,F50
AF,137,RTM,591,LCY,503,,0,F50 AR8
BA,1355,ABZ,532,LCY,503,Y,0,S20 E70
BA,1355,DUS,345,LCY,503,,0,AR8 E70
BA,1355,EDI,535,LCY,503,Y,0,E90 E70
BA,1355,GLA,534,LCY,503,Y,0,E90 E70
BA,1355,GRX,1223,LCY,503,,0,E90
BA,1355,IBZ,1225,LCY,503,Y,0,E70 E90
BA,1355,MAD,1229,LCY,503,Y,0,E90
BA,1355,MAH,1231,LCY,503,Y,0,E90
BA,1355,NCE,1354,LCY,503,Y,0,E70 E90
LX,4559,BSL,1423,LCY,503,Y,0,AR1
4U,2548,CGN,344,LHR,507,,0,319 320
4U,2548,HAM,342,LHR,507,,0,319 CRJ
4U,2548,STR,350,LHR,507,,0,319 320
4U,2548,TXL,351,LHR,507,,0,319 320
AA,24,ABZ,532,LHR,507,Y,0,321 320 319
AA,24,BHD,467,LHR,507,Y,0,319
AA,24,BSL,1423,LHR,507,Y,0,319 320
AA,24,CDG,1382,LHR,507,Y,0,319 320 321
AA,24,DUB,599,LHR,507,Y,0,319
AA,24,DUS,345,LHR,507,Y,0,319 320
AA,24,EDI,535,LHR,507,Y,0,767 320 321
AA,24,FRA,340,LHR,507,Y,0,320 767 319
AA,24,GLA,534,LHR,507,Y,0,319 320 321
AA,24,HAJ,352,LHR,507,Y,0,319
AA,24,LBA,517,LHR,507,Y,0,319
AA,24,LIS,1638,LHR,507,Y,0,320
AA,24,LYS,1335,LHR,507,Y,0,319
AA,24,MAN,478,LHR,507,Y,0,319 320 321
AA,24,MRS,1353,LHR,507,Y,0,319
AA,24,MUC,346,LHR,507,Y,0,321 320 319
AA,24,NCE,1354,LHR,507,Y,0,319 320 321
AA,24,NCL,521,LHR,507,Y,0,319 321 320
AA,24,RTM,591,LHR,507,Y,0,319
AA,24,TLS,1273,LHR,507,Y,0,320 319
AB,214,ORY,1386,LHR,507,Y,0,319 320
BA,1355,IBZ,1225,LHR,507,,0,319 320
BA,1355,MAD,1229,LHR,507,,0,767 320 319 321
BA,1355,OPO,1636,LHR,507,,0,320 319
EI,837,ORK,596,LHR,507,,0,320
EI,837,SNN,603,LHR,507,,0,320
IB,2822,BIO,1216,LHR,507,,0,320
IB,2822,LCG,1220,LHR,507,,0,320
EI,837,DUB,599,SEN,508,Y,0,AT4 AT7
U2,2297,EDI,535,SEN,508,,0,319
U2,2297,IBZ,1225,SEN,508,,0,319
U2,2297,SXF,337,SEN,508,,0,319
EI,837,DUB,599,BLK,514,Y,0,AT4
T3,2117,ABZ,532,HUY,515,,0,J41 S20
T3,2117,NWI,547,HUY,515,,0,S20
AA,24,LHR,507,LBA,517,Y,0,319
BE,2421,BHD,467,LBA,517,,0,DH4
BE,2421,GLA,534,LBA,517,Y,0,SF3
FR,4296,DUB,599,LBA,517,,0,738
FR,4296,GRO,1222,LBA,517,,0,738
FR,4296,IBZ,1225,LBA,517,,0,738
FR,4296,LIG,1270,LBA,517,,0,738
FR,4296,MJV,1227,LBA,517,,0,738
FR,4296,MPL,1359,LBA,517,,0,738
LS,3026,CDG,1382,LBA,517,,0,733
LS,3026,DUS,345,LBA,517,,0,733
LS,3026,FNC,4091,LBA,517,,0,73H
LS,3026,MAH,1231,LBA,517,,0,733
LS,3026,NCE,1354,LBA,517,,0,733
T3,2117,ABZ,532,LBA,517,,0,J41
T3,2117,SOU,495,LBA,517,,0,J41
ST,2547,BRS,490,CEG,519,,0,ER4
ST,2547,TLS,1273,CEG,519,,0,ER4
AA,24,LHR,507,NCL,521,Y,0,321 320 319
AF,137,CDG,1382,NCL,521,,0,AR8
BE,2421,BHD,467,NCL,521,,0,DH4
BE,2421,SOU,495,NCL,521,,0,DH4
EI,837,DUB,599,NCL,521,Y,0,AT7
EI,837,ORK,596,NCL,521,Y,0,AT7
FR,4296,GRO,1222,NCL,521,,0,738
LH,3320,DUS,345,NCL,521,Y,0,CR9
LS,3026,MAH,1231,NCL,521,,0,733
LS,3026,MJV,1227,NCL,521,,0,733 73C
LS,3026,REU,1236,NCL,521,,0,733
T3,2117,ABZ,532,NCL,521,,0,ER4 J41 S20
T3,2117,BHX,469,NCL,521,,0,J32
T3,2117,CWL,488,NCL,521,,0,J41 S20
U2,2297,BFS,465,NCL,521,,0,319 320
U2,2297,BRS,490,NCL,521,,0,319 320
U2,2297,LGW,502,NCL,521,,0,319
U2,2297,NCE,1354,NCL,521,,0,319
T3,2117,ABZ,532,MME,522,,0,J41 S20
BE,2421,BHD,467,EMA,523,,0,DH4
BE,2421,EDI,535,EMA,523,,0,DH4
BE,2421,GLA,534,EMA,523,,0,DH4
FR,4296,CCF,1352,EMA,523,,0,738
FR,4296,DNR,1405,EMA,523,,0,738
FR,4296,DUB,599,EMA,523,,0,738
FR,4296,EGC,1265,EMA,523,,0,738
FR,4296,GRO,1222,EMA,523,,0,738
FR,4296,LEI,1213,EMA,523,,0,738
FR,4296,LIG,1270,EMA,523,,0,738
FR,4296,LRH,6493,EMA,523,,0,738
FR,4296,MAH,1231,EMA,523,,0,738
FR,4296,MJV,1227,EMA,523,,0,738
FR,4296,NOC,600,EMA,523,,0,738
FR,4296,ORK,596,EMA,523,,0,738
FR,4296,REU,1236,EMA,523,,0,738
FR,4296,SXF,337,EMA,523,,0,738
FR,4296,VLC,1246,EMA,523,,0,738
LS,3026,FNC,4091,EMA,523,,0,733
T3,2117,ABZ,532,EMA,523,,0,J41
BE,2421,ABZ,532,KOI,529,Y,0,S20 SF3
BE,2421,EDI,535,KOI,529,Y,0,SF3
BE,2421,GLA,534,KOI,529,Y,0,SF3
BE,2421,INV,533,KOI,529,Y,0,SF3
BE,2421,LSI,530,KOI,529,Y,0,SF3
LM,3287,EOI,5564,KOI,529,,0,BNI
LM,3287,NDY,5569,KOI,529,,0,BNI
LM,3287,NRL,5566,KOI,529,,0,BNI
LM,3287,PPW,5567,KOI,529,,0,BNI
LM,3287,SOY,5568,KOI,529,,0,BNI
LM,3287,WRY,5571,KOI,529,,0,BNI
BE,2421,ABZ,532,LSI,530,Y,0,SF3 S20
BE,2421,EDI,535,LSI,530,Y,0,SF3
BE,2421,GLA,534,LSI,530,Y,0,SF3
BE,2421,INV,533,LSI,530,Y,0,SF3
BE,2421,KOI,529,LSI,530,Y,0,SF3
BE,2421,EDI,535,WIC,531,Y,0,D38
T3,2117,ABZ,532,WIC,531,,0,J41
BA,1355,LCY,503,ABZ,532,Y,0,E70 S20
BE,2421,BHD,467,ABZ,532,,0,DH4
BE,2421,BHX,469,ABZ,532,,0,E75 DH4
BE,2421,KOI,529,ABZ,532,Y,0,SF3 S20
BE,2421,LSI,530,ABZ,532,Y,0,SF3 S20
BE,2421,MAN,478,ABZ,532,,0,E75 DH4
BM,312,BRS,490,ABZ,532,,0,ER4
BM,312,NWI,547,ABZ,532,,0,ER4 ER3
EI,837,DUB,599,ABZ,532,Y,0,AT7
LH,3320,FRA,340,ABZ,532,,0,735
T3,2117,EMA,523,ABZ,532,,0,J41
T3,2117,HUY,515,ABZ,532,,0,J41 S20
T3,2117,LBA,517,ABZ,532,,0,J41
T3,2117,MME,522,ABZ,532,,0,J41 S20
T3,2117,NCL,521,ABZ,532,,0,ER4 J41 S20
T3,2117,SYY,541,ABZ,532,,0,J41
T3,2117,WIC,531,ABZ,532,,0,J41
U2,2297,LGW,502,ABZ,532,,0,319
U2,2297,LTN,492,ABZ,532,,0,319 320
BE,2421,BHD,467,INV,533,,0,DH4
BE,2421,BHX,469,INV,533,,0,DH4 E75
BE,2421,KOI,529,INV,533,Y,0,SF3
BE,2421,LSI,530,INV,533,Y,0,SF3
BE,2421,MAN,478,INV,533,,0,DH4
BE,2421,SYY,541,INV,533,Y,0,SF3 D38
U2,2297,BRS,490,INV,533,,0,319
U2,2297,LGW,502,INV,533,,0,319
U2,2297,LTN,492,INV,533,,0,319
AF,137,CWL,488,GLA,534,Y,0,F50
BA,1355,LCY,503,GLA,534,Y,0,E90 E70
BA,1355,LGW,502,GLA,534,,0,734 319
BE,2421,BEB,538,GLA,534,Y,0,SF3
BE,2421,BHD,467,GLA,534,,0,DH4
BE,2421,BHX,469,GLA,534,,0,DH4 E75
BE,2421,BRR,5575,GLA,534,Y,0,DHT
BE,2421,CAL,5563,GLA,534,Y,0,DHT
BE,2421,CFN,5577,GLA,534,Y,0,SF3
BE,2421,EMA,523,GLA,534,,0,DH4
BE,2421,EXT,552,GLA,534,,0,DH4
BE,2421,ILY,536,GLA,534,Y,0,SF3
BE,2421,KOI,529,GLA,534,Y,0,SF3
BE,2421,LBA,517,GLA,534,Y,0,SF3
BE,2421,LSI,530,GLA,534,Y,0,SF3
BE,2421,MAN,478,GLA,534,,0,DH4
BE,2421,SOU,495,GLA,534,,0,DH4
BE,2421,SYY,541,GLA,534,Y,0,SF3
BE,2421,TRE,542,GLA,534,Y,0,SF3 DHT
EI,837,DUB,599,GLA,534,Y,0,AT7 AT4
EI,837,ORK,596,GLA,534,Y,0,AT7
LH,3320,DUS,345,GLA,534,Y,0,CR9
TOM,5013,FNC,4091,GLA,534,,0,75W
U2,2297,BFS,465,GLA,534,,0,319 320
U2,2297,BRS,490,GLA,534,,0,319
U2,2297,LTN,492,GLA,534,,0,319 320
U2,2297,STN,548,GLA,534,,0,319 320
U2,2297,SXF,337,GLA,534,,0,319
4U,2548,CGN,344,EDI,535,,0,319
AF,137,CWL,488,EDI,535,Y,0,F50
BA,1355,LCY,503,EDI,535,Y,0,E90 E70
BA,1355,LGW,502,EDI,535,,0,734 319
BE,2421,BHD,467,EDI,535,,0,DH4
BE,2421,BHX,469,EDI,535,,0,DH4 E75
BE,2421,EMA,523,EDI,535,,0,DH4
BE,2421,EXT,552,EDI,535,,0,DH4
BE,2421,INV,533,EDI,535,Y,0,D38
BE,2421,KOI,529,EDI,535,Y,0,SF3
BE,2421,LSI,530,EDI,535,Y,0,SF3
BE,2421,MAN,478,EDI,535,,0,DH4 E75
BE,2421,NWI,547,EDI,535,,0,D38
BE,2421,SOU,495,EDI,535,,0,DH4
BE,2421,SYY,541,EDI,535,Y,0,D38
BE,2421,WIC,531,EDI,535,Y,0,D38
EI,837,ORK,596,EDI,535,Y,0,AT7
EI,837,SNN,603,EDI,535,Y,0,AT7
FR,4296,BOD,1264,EDI,535,,0,738
FR,4296,BRE,353,EDI,535,,0,738
FR,4296,BZR,1360,EDI,535,,0,738
FR,4296,HHN,355,EDI,535,,0,738
FR,4296,MRS,1353,EDI,535,,0,738
FR,4296,NRN,4198,EDI,535,,0,738
FR,4296,SDR,1251,EDI,535,,0,738
LH,3320,FRA,340,EDI,535,,0,321 32A 320 319
LS,3026,MAH,1231,EDI,535,,0,733
LS,3026,MJV,1227,EDI,535,,0,733
U2,2297,BFS,465,EDI,535,,0,319 320
U2,2297,BRS,490,EDI,535,,0,320 319
U2,2297,BSL,1423,EDI,535,,0,320 319
U2,2297,HAM,342,EDI,535,,0,319
U2,2297,LIS,1638,EDI,535,,0,319 320
U2,2297,LTN,492,EDI,535,,0,320 319
U2,2297,LYS,1335,EDI,535,,0,319
U2,2297,MAD,1229,EDI,535,,0,319 320
U2,2297,MUC,346,EDI,535,,0,319
U2,2297,NCE,1354,EDI,535,,0,319
U2,2297,SEN,508,EDI,535,,0,319
U2,2297,STN,548,EDI,535,,0,320 319
U2,2297,SXF,337,EDI,535,,0,319
BE,2421,GLA,534,ILY,536,Y,0,SF3
FR,4296,CCF,1352,PIK,537,,0,738
FR,4296,LDY,468,PIK,537,,0,738
FR,4296,MJV,1227,PIK,537,,0,738
FR,4296,REU,1236,PIK,537,,0,738
BE,2421,GLA,534,BEB,538,Y,0,SF3
BE,2421,SYY,541,BEB,538,Y,0,SF3
BE,2421,STN,548,DND,540,,0,D38
BE,2421,BEB,538,SYY,541,Y,0,SF3
BE,2421,EDI,535,SYY,541,Y,0,D38
BE,2421,GLA,534,SYY,541,Y,0,SF3
BE,2421,INV,533,SYY,541,Y,0,SF3 D38
T3,2117,ABZ,532,SYY,541,,0,J41
BE,2421,GLA,534,TRE,542,Y,0,SF3 DHT
BE,2421,EDI,535,NWI,547,,0,D38
BE,2421,MAN,478,NWI,547,Y,0,D38
BM,312,ABZ,532,NWI,547,,0,ER4 ER3
T3,2117,HUY,515,NWI,547,,0,S20
4U,2548,CGN,344,STN,548,,0,319
4U,2548,HAJ,352,STN,548,,0,319
4U,2548,STR,350,STN,548,,0,319
AB,214,DUS,345,STN,548,,0,DH4
BE,2421,DND,540,STN,548,,0,D38
FR,4296,BIQ,1280,STN,548,,0,738
FR,4296,BOD,1264,STN,548,,0,738
FR,4296,BRE,353,STN,548,,0,738
FR,4296,BSL,1423,STN,548,,0,738
FR,4296,BVE,1278,STN,548,,0,738
FR,4296,CCF,1352,STN,548,,0,738
FR,4296,DNR,1405,STN,548,,0,738
FR,4296,DTM,373,STN,548,,0,738
FR,4296,EGC,1265,STN,548,,0,738
FR,4296,EIN,585,STN,548,,0,738
FR,4296,FKB,4166,STN,548,,0,738
FR,4296,FMM,3986,STN,548,,0,738
FR,4296,GRO,1222,STN,548,,0,738
FR,4296,HHN,355,STN,548,,0,738
FR,4296,KIR,601,STN,548,,0,738
FR,4296,LDE,1276,STN,548,,0,738
FR,4296,LDY,468,STN,548,,0,738
FR,4296,LEI,1213,STN,548,,0,738
FR,4296,LEJ,348,STN,548,,0,738
FR,4296,LIG,1270,STN,548,,0,738
FR,4296,LIS,1638,STN,548,,0,738
FR,4296,LRH,6493,STN,548,,0,738
FR,4296,MAD,1229,STN,548,,0,738
FR,4296,MJV,1227,STN,548,,0,738
FR,4296,MRS,1353,STN,548,,0,738
FR,4296,NOC,600,STN,548,,0,738
FR,4296,NRN,4198,STN,548,,0,738
FR,4296,NUE,347,STN,548,,0,738
FR,4296,OPO,1636,STN,548,,0,738
FR,4296,ORK,596,STN,548,,0,738
FR,4296,PGF,1356,STN,548,,0,738
FR,4296,PIS,1268,STN,548,,0,738
FR,4296,RDZ,1289,STN,548,,0,738
FR,4296,REU,1236,STN,548,,0,738
FR,4296,SCQ,1243,STN,548,,0,738
FR,4296,SDR,1251,STN,548,,0,738
FR,4296,SNN,603,STN,548,,0,738
FR,4296,SVQ,1253,STN,548,,0,738
FR,4296,SXB,1435,STN,548,,0,738
FR,4296,SXF,337,STN,548,,0,738
FR,4296,TLN,1438,STN,548,,0,738
FR,4296,TUF,1376,STN,548,,0,738
FR,4296,VLC,1246,STN,548,,0,738
FR,4296,XRY,1226,STN,548,,0,738
FR,4296,ZAZ,1252,STN,548,,0,738
U2,2297,BFS,465,STN,548,,0,319 320
U2,2297,BIO,1216,STN,548,,0,320 319
U2,2297,EDI,535,STN,548,,0,320 319
U2,2297,GLA,534,STN,548,,0,319 320
U2,2297,LYS,1335,STN,548,,0,319 320
U2,2297,MUC,346,STN,548,,0,319
U2,2297,NCE,1354,STN,548,,0,319 320
U2,2297,OVD,1214,STN,548,,0,319
AF,137,EGC,1265,EXT,552,Y,0,DH4
AF,137,RNS,1415,EXT,552,Y,0,DH4
BE,2421,BHD,467,EXT,552,,0,DH4
BE,2421,DUS,345,EXT,552,,0,DH4
BE,2421,EDI,535,EXT,552,,0,DH4
BE,2421,GLA,534,EXT,552,,0,DH4
BE,2421,MAN,478,EXT,552,,0,DH4
IOS,2951,ISC,4347,EXT,552,,0,DHT
IOS,2951,NQY,481,EXT,552,,0,DHT
4U,2548,HAM,342,AMS,580,,0,CRJ
A5,1203,CFE,1330,AMS,580,,0,ER4
A5,1203,SXB,1435,AMS,580,,0,ER4 CR7 E70
AF,137,BOD,1264,AMS,580,Y,0,E90 73W F70
AF,137,BSL,1423,AMS,580,Y,0,F70 E90
AF,137,LCY,503,AMS,580,Y,0,AR8
AF,137,LYS,1335,AMS,580,,0,F70
AF,137,MRS,1353,AMS,580,,0,319
AF,137,NCE,1354,AMS,580,Y,0,E90 73W 73H
AF,137,NTE,1418,AMS,580,,0,ER4
AF,137,TLS,1273,AMS,580,Y,0,E90
AY,2350,LIS,1638,AMS,580,Y,0,320 319
AZ,596,BRE,353,AMS,580,Y,0,F70
AZ,596,BRS,490,AMS,580,Y,0,E90
AZ,596,CGN,344,AMS,580,Y,0,F70
AZ,596,CWL,488,AMS,580,Y,0,F70
AZ,596,DUS,345,AMS,580,Y,0,F70
AZ,596,GLA,534,AMS,580,Y,0,737
AZ,596,HAJ,352,AMS,580,Y,0,E90 F70
AZ,596,HUY,515,AMS,580,Y,0,F70
AZ,596,LBA,517,AMS,580,Y,0,F70
AZ,596,MME,522,AMS,580,Y,0,F70
AZ,596,NWI,547,AMS,580,Y,0,F70
AZ,596,TXL,351,AMS,580,Y,0,737
BA,1355,LGW,502,AMS,580,,0,319 734
BE,2421,BHX,469,AMS,580,,0,E75 DH4
BE,2421,EMA,523,AMS,580,,0,DH4
BE,2421,EXT,552,AMS,580,,0,DH4
BE,2421,INV,533,AMS,580,,0,DH4
BE,2421,SOU,495,AMS,580,,0,DH4 E75
EI,837,ORK,596,AMS,580,,0,320
ET,2220,FRA,340,AMS,580,Y,0,733
EY,2222,OPO,1636,AMS,580,Y,0,100 ERJ
F7,2420,LEJ,348,AMS,580,,0,S20
HV,5039,FNC,4091,AMS,580,,0,73H
HV,5039,GRO,1222,AMS,580,,0,73H
HV,5039,LEI,1213,AMS,580,,0,73H
HV,5039,SPC,1053,AMS,580,,0,73H
HV,5039,SVQ,1253,AMS,580,,0,73H
HV,5039,VLC,1246,AMS,580,,0,73H 73W
IB,2822,BIO,1216,AMS,580,Y,0,320
KL,3090,ABZ,532,AMS,580,,0,737 EMJ F70
KL,3090,EDI,535,AMS,580,,0,737 EMJ
KL,3090,MAD,1229,AMS,580,,0,737
KL,3090,MAN,478,AMS,580,,0,737 EMJ F70
KL,3090,NCL,521,AMS,580,,0,EMJ 737
KL,3090,NUE,347,AMS,580,Y,0,F70 EMJ
KL,3090,STR,350,AMS,580,Y,0,EMJ F70
S4,4304,PDL,1633,AMS,580,,0,320
U2,2297,BFS,465,AMS,580,,0,319
U2,2297,LPL,491,AMS,580,,0,319 320
U2,2297,LTN,492,AMS,580,,0,320 319
U2,2297,SEN,508,AMS,580,,0,319
U2,2297,STN,548,AMS,580,,0,320 319
U2,2297,SXF,337,AMS,580,,0,319 320
FR,4296,GRO,1222,MST,582,,0,738
FR,4296,OPO,1636,MST,582,,0,738
HV,5039,GRQ,586,MST,582,,0,73H
FR,4296,CCF,1352,EIN,585,,0,738
FR,4296,GRO,1222,EIN,585,,0,738
FR,4296,MJV,1227,EIN,585,,0,738
FR,4296,MRS,1353,EIN,585,,0,738
FR,4296,NOC,600,EIN,585,,0,738
FR,4296,OPO,1636,EIN,585,,0,738
FR,4296,REU,1236,EIN,585,,0,738
FR,4296,STN,548,EIN,585,,0,738
FR,4296,SVQ,1253,EIN,585,,0,738
HV,5039,LIS,1638,EIN,585,,0,73H 73W
HV,5039,MAD,1229,EIN,585,,0,73W
HV,5039,NCE,1354,EIN,585,,0,73W 73H
HV,5039,RTM,591,EIN,585,,0,73H
HV,5039,TXL,351,EIN,585,,0,73W
HV,5039,VLC,1246,EIN,585,,0,73H 73W
FR,4296,GRO,1222,GRQ,586,,0,738
HV,5039,EIN,585,GRQ,586,,0,73H
AF,137,LCY,503,RTM,591,,0,F50 AR8
HV,5039,EGC,1265,RTM,591,,0,73H 73W
HV,5039,EIN,585,RTM,591,,0,73H
HV,5039,GRO,1222,RTM,591,,0,73H 73W
HV,5039,MAD,1229,RTM,591,,0,73H 73W
HV,5039,MPL,1359,RTM,591,,0,73W 73H
HV,5039,NCE,1354,RTM,591,,0,73W 73H
HV,5039,TLN,1438,RTM,591,,0,73W 73H
HV,5039,VLC,1246,RTM,591,,0,73H 73W
EI,837,BHX,469,ORK,596,Y,0,AT7
EI,837,BRS,490,ORK,596,Y,0,AT7
EI,837,EDI,535,ORK,596,Y,0,AT7
EI,837,GLA,534,ORK,596,Y,0,AT7
EI,837,LIS,1638,ORK,596,,0,320
EI,837,MAN,478,ORK,596,Y,0,AT7
EI,837,NCE,1354,ORK,596,,0,320
EI,837,NCL,521,ORK,596,Y,0,AT7
FR,4296,EMA,523,ORK,596,,0,738
FR,4296,LGW,502,ORK,596,,0,738
FR,4296,LPL,491,ORK,596,,0,738
FR,4296,STN,548,ORK,596,,0,738
4U,2548,CGN,344,DUB,599,,0,319
4U,2548,DUS,345,DUB,599,,0,CRJ
AF,137,LCY,503,DUB,599,Y,0,AR8
BE,2421,CFN,5577,DUB,599,Y,0,SF3
BE,2421,EXT,552,DUB,599,,0,E95
BE,2421,SOU,495,DUB,599,,0,DH4 E95
EI,837,ABZ,532,DUB,599,Y,0,AT7
EI,837,BHX,469,DUB,599,,0,320
EI,837,BIO,1216,DUB,599,,0,320
EI,837,BLK,514,DUB,599,Y,0,AT4
EI,837,BOD,1264,DUB,599,,0,320
EI,837,BOH,494,DUB,599,Y,0,AT4
EI,837,BRS,490,DUB,599,Y,0,AT7 AT4
EI,837,CWL,488,DUB,599,Y,0,AT7
EI,837,EDI,535,DUB,599,Y,0,AT7
EI,837,FRA,340,DUB,599,,0,320
EI,837,GLA,534,DUB,599,Y,0,AT7 AT4
EI,837,HAJ,352,DUB,599,,0,320
EI,837,HAM,342,DUB,599,,0,320
EI,837,KIR,601,DUB,599,Y,0,AT4
EI,837,LGW,502,DUB,599,,0,320
EI,837,LYS,1335,DUB,599,,0,320
EI,837,MAD,1229,DUB,599,,0,320
EI,837,MAN,478,DUB,599,,0,320
EI,837,MRS,1353,DUB,599,,0,320
EI,837,NCE,1354,DUB,599,,0,320
EI,837,NCL,521,DUB,599,Y,0,AT7
EI,837,PGF,1356,DUB,599,,0,320
EI,837,SCQ,1243,DUB,599,,0,320
EI,837,SEN,508,DUB,599,Y,0,AT4 AT7
EI,837,STR,350,DUB,599,,0,320
EI,837,SXF,337,DUB,599,,0,320
EI,837,TLS,1273,DUB,599,,0,320
FR,4296,BIQ,1280,DUB,599,,0,738
FR,4296,BRE,353,DUB,599,,0,738
FR,4296,BSL,1423,DUB,599,,0,738
FR,4296,BVA,1367,DUB,599,,0,738
FR,4296,CCF,1352,DUB,599,,0,738
FR,4296,EIN,585,DUB,599,,0,738
FR,4296,EMA,523,DUB,599,,0,738
FR,4296,FMM,3986,DUB,599,,0,738
FR,4296,GRO,1222,DUB,599,,0,738
FR,4296,HHN,355,DUB,599,,0,738
FR,4296,LBA,517,DUB,599,,0,738
FR,4296,LEI,1213,DUB,599,,0,738
FR,4296,LPL,491,DUB,599,,0,738
FR,4296,LRH,6493,DUB,599,,0,738
FR,4296,LTN,492,DUB,599,,0,738
FR,4296,MJV,1227,DUB,599,,0,738
FR,4296,NTE,1418,DUB,599,,0,738
FR,4296,OPO,1636,DUB,599,,0,738
FR,4296,PIK,537,DUB,599,,0,738
FR,4296,RDZ,1289,DUB,599,,0,738
FR,4296,REU,1236,DUB,599,,0,738
FR,4296,SDR,1251,DUB,599,,0,738
FR,4296,STN,548,DUB,599,,0,738
FR,4296,SVQ,1253,DUB,599,,0,738
FR,4296,TUF,1376,DUB,599,,0,738
FR,4296,VLC,1246,DUB,599,,0,738
BE,2421,BHX,469,NOC,600,,0,DH4
BE,2421,MAN,478,NOC,600,,0,DH4 E75
EI,837,LGW,502,NOC,600,,0,319
FR,4296,BRS,490,NOC,600,,0,738
FR,4296,EIN,585,NOC,600,,0,738
FR,4296,EMA,523,NOC,600,,0,738
FR,4296,LPL,491,NOC,600,,0,738
FR,4296,LTN,492,NOC,600,,0,738
FR,4296,STN,548,NOC,600,,0,738
FR,4296,HHN,355,KIR,601,,0,738
FR,4296,LTN,492,KIR,601,,0,738
FR,4296,STN,548,KIR,601,,0,738
EI,837,BHX,469,SNN,603,Y,0,AT4 AT7
EI,837,BRS,490,SNN,603,Y,0,AT4
EI,837,EDI,535,SNN,603,Y,0,AT7
EI,837,MAN,478,SNN,603,Y,0,AT7 AT4
FR,4296,BVA,1367,SNN,603,,0,738
FR,4296,FMM,3986,SNN,603,,0,738
FR,4296,LGW,502,SNN,603,,0,738
FR,4296,LPL,491,SNN,603,,0,738
FR,4296,NCE,1354,SNN,603,,0,738
FR,4296,PIS,1268,SNN,603,,0,738
FR,4296,STN,548,SNN,603,,0,738
FR,4296,SXF,337,SNN,603,,0,738
BE,2421,BHX,469,WAT,605,,0,DH4
BE,2421,MAN,478,WAT,605,,0,DH4
4U,2548,CGN,344,RLG,772,,0,319
4U,2548,STR,350,RLG,772,,0,319
AB,214,CGN,344,FUE,1051,,0,738
AB,214,DUS,345,FUE,1051,,0,738 332 321
AB,214,HAM,342,FUE,1051,,0,738
AB,214,LEJ,348,FUE,1051,,0,738
AB,214,NUE,347,FUE,1051,,0,738
AB,214,TXL,351,FUE,1051,,0,321 738
AZ,596,MAD,1229,FUE,1051,Y,0,738
DE,1868,FRA,340,FUE,1051,,0,757
DE,1868,HAJ,352,FUE,1051,,0,32S
DE,1868,MAN,478,FUE,1051,,0,757
DE,1868,PAD,371,FUE,1051,,0,32S
DE,1868,STR,350,FUE,1051,,0,32S
DE,1868,SXF,337,FUE,1051,,0,321
DY,3737,LGW,502,FUE,1051,,0,73H
FR,4296,BHX,469,FUE,1051,,0,738
FR,4296,BOH,494,FUE,1051,,0,738
FR,4296,BRE,353,FUE,1051,,0,738
FR,4296,EDI,535,FUE,1051,,0,738
FR,4296,EMA,523,FUE,1051,,0,738
FR,4296,LBA,517,FUE,1051,,0,738
FR,4296,LPL,491,FUE,1051,,0,738
FR,4296,LTN,492,FUE,1051,,0,738
FR,4296,NRN,4198,FUE,1051,,0,738
FR,4296,ORK,596,FUE,1051,,0,738
FR,4296,PIK,537,FUE,1051,,0,738
FR,4296,SNN,603,FUE,1051,,0,738
FR,4296,STN,548,FUE,1051,,0,738
HQ,2684,LIL,1399,FUE,1051,,0,320
IB,2822,BIO,1216,FUE,1051,Y,0,320
LS,3026,GLA,534,FUE,1051,,0,738
NT,1539,TFN,1057,FUE,1051,,0,AT7
ST,2547,ERF,339,FUE,1051,,0,73G
TCX,4897,NCL,521,FUE,1051,,0,752
TO,8745,BRS,490,FUE,1051,,0,75W
U2,2297,BSL,1423,FUE,1051,,0,320
V7,20577,NTE,1418,FUE,1051,,0,717
X3,2681,ZQW,393,FUE,1051,,0,73H
NT,1539,TFN,1057,VDE,1052,,0,AT7
DE,1868,FRA,340,SPC,1053,,0,738
NT,1539,TFN,1057,SPC,1053,,0,AT7
4U,2548,CGN,344,LPA,1054,,0,319
AB,214,BSL,1423,LPA,1054,,0,320
AB,214,HAM,342,LPA,1054,,0,320
AB,214,NUE,347,LPA,1054,,0,738
AB,214,TXL,351,LPA,1054,,0,321 320
DE,1868,FRA,340,LPA,1054,,0,757
DE,1868,LEJ,348,LPA,1054,,0,321
DE,1868,PAD,371,LPA,1054,,0,32S
DE,1868,STR,350,LPA,1054,,0,32S
DE,1868,SXF,337,LPA,1054,,0,321
DY,3737,LGW,502,LPA,1054,,0,73H
FR,4296,BHX,469,LPA,1054,,0,738
FR,4296,BOH,494,LPA,1054,,0,738
FR,4296,BRE,353,LPA,1054,,0,738
FR,4296,BRS,490,LPA,1054,,0,738
FR,4296,EIN,585,LPA,1054,,0,738
FR,4296,EMA,523,LPA,1054,,0,738
FR,4296,FKB,4166,LPA,1054,,0,738
FR,4296,LPL,491,LPA,1054,,0,738
FR,4296,LTN,492,LPA,1054,,0,738
FR,4296,NRN,4198,LPA,1054,,0,738
FR,4296,OPO,1636,LPA,1054,,0,738
FR,4296,ORK,596,LPA,1054,,0,738
FR,4296,PIK,537,LPA,1054,,0,738
FR,4296,SCQ,1243,LPA,1054,,0,738
FR,4296,SDR,1251,LPA,1054,,0,738
FR,4296,STN,548,LPA,1054,,0,738
FR,4296,SVQ,1253,LPA,1054,,0,738
FR,4296,VLC,1246,LPA,1054,,0,738
HV,5039,GRQ,586,LPA,1054,,0,73H
IB,2822,BIO,1216,LPA,1054,Y,0,320
IB,2822,ORY,1386,LPA,1054,Y,0,320
LS,3026,GLA,534,LPA,1054,,0,738
LS,3026,LBA,517,LPA,1054,,0,752
LS,3026,NCL,521,LPA,1054,,0,752
NT,1539,FNC,4091,LPA,1054,,0,DH4
NT,1539,SPC,1053,LPA,1054,,0,AT7
NT,1539,TFN,1057,LPA,1054,,0,AT7 CR9
NT,1539,VDE,1052,LPA,1054,,0,AT7
ST,2547,ERF,339,LPA,1054,,0,73G
X3,2681,HAJ,352,LPA,1054,,0,73H
X3,2681,ZQW,393,LPA,1054,,0,73H
AB,214,CGN,344,ACE,1055,,0,738
AB,214,HAM,342,ACE,1055,,0,320
AB,214,LEJ,348,ACE,1055,,0,738
AB,214,TXL,351,ACE,1055,,0,321
BA,1355,LGW,502,ACE,1055,,0,320
DE,1868,BHX,469,ACE,1055,Y,0,757
DE,1868,GLA,534,ACE,1055,Y,0,757
DE,1868,HAJ,352,ACE,1055,,0,32S
DE,1868,PAD,371,ACE,1055,,0,32S
DE,1868,STR,350,ACE,1055,,0,32S
DE,1868,SXF,337,ACE,1055,,0,32S
EI,837,ORK,596,ACE,1055,,0,320
FR,4296,BOH,494,ACE,1055,,0,738
FR,4296,BRS,490,ACE,1055,,0,738
FR,4296,BVA,1367,ACE,1055,,0,738
FR,4296,EIN,585,ACE,1055,,0,738
FR,4296,EMA,523,ACE,1055,,0,738
FR,4296,FKB,4166,ACE,1055,,0,738
FR,4296,HHN,355,ACE,1055,,0,738
FR,4296,LBA,517,ACE,1055,,0,738
FR,4296,LPL,491,ACE,1055,,0,738
FR,4296,LTN,492,ACE,1055,,0,738
FR,4296,NOC,600,ACE,1055,,0,738
FR,4296,NRN,4198,ACE,1055,,0,738
FR,4296,PIK,537,ACE,1055,,0,738
FR,4296,SCQ,1243,ACE,1055,,0,738
FR,4296,SDR,1251,ACE,1055,,0,738
FR,4296,SNN,603,ACE,1055,,0,738
FR,4296,STN,548,ACE,1055,,0,738
FR,4296,SVQ,1253,ACE,1055,,0,738
FR,4296,ZAZ,1252,ACE,1055,,0,738
IB,2822,BIO,1216,ACE,1055,Y,0,320
LS,3026,BFS,465,ACE,1055,,0,733
LS,3026,BLK,514,ACE,1055,,0,73C
LS,3026,NCL,521,ACE,1055,,0,752 75W
NT,1539,TFN,1057,ACE,1055,,0,AT7
ST,2547,BRE,353,ACE,1055,,0,319
UX,90,OVD,1214,ACE,1055,,0,332
AB,214,BSL,1423,TFS,1056,,0,320
AB,214,CGN,344,TFS,1056,,0,738
AB,214,DRS,338,TFS,1056,,0,738
AB,214,HAM,342,TFS,1056,,0,320
AB,214,LEJ,348,TFS,1056,,0,738
AB,214,NUE,347,TFS,1056,,0,738
AB,214,TXL,351,TFS,1056,,0,321
DE,1868,PAD,371,TFS,1056,,0,32S
DE,1868,STR,350,TFS,1056,,0,32S
DE,1868,SXF,337,TFS,1056,,0,321
FR,4296,BHX,469,TFS,1056,,0,738
FR,4296,BOH,494,TFS,1056,,0,738
FR,4296,BRE,353,TFS,1056,,0,738
FR,4296,BRS,490,TFS,1056,,0,738
FR,4296,BVA,1367,TFS,1056,,0,738
FR,4296,EMA,523,TFS,1056,,0,738
FR,4296,FKB,4166,TFS,1056,,0,738
FR,4296,FMM,3986,TFS,1056,,0,738
FR,4296,HHN,355,TFS,1056,,0,738
FR,4296,LBA,517,TFS,1056,,0,738
FR,4296,LPL,491,TFS,1056,,0,738
FR,4296,LTN,492,TFS,1056,,0,738
FR,4296,MST,582,TFS,1056,,0,738
FR,4296,NOC,600,TFS,1056,,0,738
FR,4296,NRN,4198,TFS,1056,,0,738
FR,4296,OPO,1636,TFS,1056,,0,738
FR,4296,ORK,596,TFS,1056,,0,738
FR,4296,PIK,537,TFS,1056,,0,738
FR,4296,SCQ,1243,TFS,1056,,0,738
FR,4296,SDR,1251,TFS,1056,,0,738
FR,4296,SNN,603,TFS,1056,,0,738
FR,4296,STN,548,TFS,1056,,0,738
FR,4296,SVQ,1253,TFS,1056,,0,738
FR,4296,VLC,1246,TFS,1056,,0,738
IB,2822,ORY,1386,TFS,1056,,0,321
IB,2822,VGO,1250,TFS,1056,,0,32S
LS,3026,BFS,465,TFS,1056,,0,733
LS,3026,BLK,514,TFS,1056,,0,73C
LS,3026,NCL,521,TFS,1056,,0,752
NT,1539,VDE,1052,TFS,1056,,0,AT7
ST,2547,ERF,339,TFS,1056,,0,73G
TO,8745,CWL,488,TFS,1056,,0,73H
UX,90,OVD,1214,TFS,1056,,0,738
V7,20577,BOD,1264,TFS,1056,,0,717
V7,20577,NTE,1418,TFS,1056,,0,717
X3,2681,HAJ,352,TFS,1056,,0,73H
X3,2681,ZQW,393,TFS,1056,,0,73H
IB,2822,BIO,1216,TFN,1057,Y,0,320
IB,2822,ORY,1386,TFN,1057,,0,321
IB,2822,SCQ,1243,TFN,1057,Y,0,CR9
IB,2822,SVQ,1253,TFN,1057,Y,0,320
IB,2822,VLC,1246,TFN,1057,Y,0,CR9
NT,1539,GMZ,5659,TFN,1057,Y,0,AT7
NT,1539,SPC,1053,TFN,1057,,0,AT7
NT,1539,VDE,1052,TFN,1057,,0,AT7
IB,2822,GRX,1223,MLN,1058,Y,0,AT7
IB,2822,LEI,1213,MLN,1058,Y,0,AT7
AB,214,STR,350,ALC,1212,,0,320 738
AB,214,TXL,351,ALC,1212,,0,320 73G
BE,2421,EXT,552,ALC,1212,,0,E95
BE,2421,SOU,495,ALC,1212,,0,E95
DY,3737,CGN,344,ALC,1212,,0,73H
EI,837,ORK,596,ALC,1212,,0,320
FR,4296,BOH,494,ALC,1212,,0,738
FR,4296,BRE,353,ALC,1212,,0,738
FR,4296,BRS,490,ALC,1212,,0,738
FR,4296,BVA,1367,ALC,1212,,0,738
FR,4296,EIN,585,ALC,1212,,0,738
FR,4296,EMA,523,ALC,1212,,0,738
FR,4296,FKB,4166,ALC,1212,,0,738
FR,4296,FMM,3986,ALC,1212,,0,738
FR,4296,HHN,355,ALC,1212,,0,738
FR,4296,KIR,601,ALC,1212,,0,738
FR,4296,LBA,517,ALC,1212,,0,738
FR,4296,LPL,491,ALC,1212,,0,738
FR,4296,MST,582,ALC,1212,,0,738
FR,4296,NOC,600,ALC,1212,,0,738
FR,4296,NRN,4198,ALC,1212,,0,738
FR,4296,NUE,347,ALC,1212,,0,738
FR,4296,PIK,537,ALC,1212,,0,738
FR,4296,SCQ,1243,ALC,1212,,0,738
FR,4296,SNN,603,ALC,1212,,0,738
FR,4296,STN,548,ALC,1212,,0,738
HV,5039,RTM,591,ALC,1212,,0,73H 73W
IB,2822,BIO,1216,ALC,1212,Y,0,CR9 CR2
IB,2822,CWL,488,ALC,1212,Y,0,320
IB,2822,ORY,1386,ALC,1212,Y,0,320
LS,3026,BFS,465,ALC,1212,,0,733
LS,3026,BLK,514,ALC,1212,,0,733 73C
LS,3026,NCL,521,ALC,1212,,0,73C 733 752 75W
U2,2297,BSL,1423,ALC,1212,,0,320 319
U2,2297,LTN,492,ALC,1212,,0,319 320
U2,2297,SEN,508,ALC,1212,,0,319
FR,4296,EMA,523,LEI,1213,,0,738
FR,4296,NRN,4198,LEI,1213,,0,738
FR,4296,STN,548,LEI,1213,,0,738
HV,5039,SVQ,1253,LEI,1213,,0,73H
IB,2822,MLN,1058,LEI,1213,Y,0,AT7
IB,2822,SVQ,1253,OVD,1214,,0,320
IB,2822,VLC,1246,OVD,1214,Y,0,CRK CR9
U2,2297,STN,548,OVD,1214,,0,319
4U,2548,STR,350,BIO,1216,,0,CRJ 319
IB,2822,LCG,1220,BIO,1216,Y,0,320
IB,2822,ORY,1386,BIO,1216,Y,0,320
IB,2822,SCQ,1243,BIO,1216,Y,0,CR9
IB,2822,SVQ,1253,BIO,1216,Y,0,320
IB,2822,TFN,1057,BIO,1216,Y,0,320
IB,2822,TXL,351,BIO,1216,Y,0,320
IB,2822,VGO,1250,BIO,1216,Y,0,CR9
IB,2822,VLC,1246,BIO,1216,Y,0,CR2 CR9 AT7
U2,2297,STN,548,BIO,1216,,0,320 319
4U,2548,CGN,344,BCN,1218,,0,320 319
4U,2548,HAJ,352,BCN,1218,,0,319
4U,2548,STR,350,BCN,1218,,0,319 320
DY,3737,SXF,337,BCN,1218,,0,73H
EI,837,ORK,596,BCN,1218,,0,320
FR,4296,BVA,1367,BCN,1218,,0,738
FR,4296,EMA,523,BCN,1218,,0,738
FR,4296,LPL,491,BCN,1218,,0,738
FR,4296,MAH,1231,BCN,1218,,0,738
FR,4296,OPO,1636,BCN,1218,,0,738
FR,4296,PIK,537,BCN,1218,,0,738
FR,4296,SCQ,1243,BCN,1218,,0,738
FR,4296,SDR,1251,BCN,1218,,0,738
FR,4296,STN,548,BCN,1218,,0,738
FR,4296,SVQ,1253,BCN,1218,,0,738
FR,4296,TFN,1057,BCN,1218,,0,738
FR,4296,VLL,1247,BCN,1218,,0,738
FR,4296,XRY,1226,BCN,1218,,0,738
HV,5039,EIN,585,BCN,1218,,0,73W 73H
HV,5039,RTM,591,BCN,1218,,0,73H 73W
IB,2822,BES,1403,BCN,1218,Y,0,320
IB,2822,BIO,1216,BCN,1218,Y,0,320
IB,2822,BOD,1264,BCN,1218,Y,0,320
IB,2822,CWL,488,BCN,1218,Y,0,320
IB,2822,DRS,338,BCN,1218,Y,0,320
IB,2822,DTM,373,BCN,1218,,0,320
IB,2822,EAS,1242,BCN,1218,Y,0,320
IB,2822,GRX,1223,BCN,1218,Y,0,320
IB,2822,LCG,1220,BCN,1218,,0,320
IB,2822,LEI,1213,BCN,1218,Y,0,320
IB,2822,LEJ,348,BCN,1218,Y,0,320
IB,2822,LEN,6756,BCN,1218,Y,0,CR2
IB,2822,LIL,1399,BCN,1218,,0,320
IB,2822,LYS,1335,BCN,1218,Y,0,320
IB,2822,MRS,1353,BCN,1218,Y,0,320
IB,2822,NCE,1354,BCN,1218,Y,0,320
IB,2822,NTE,1418,BCN,1218,Y,0,320
IB,2822,NUE,347,BCN,1218,Y,0,320
IB,2822,ORY,1386,BCN,1218,Y,0,320
IB,2822,OVD,1214,BCN,1218,Y,0,320
IB,2822,RGS,6757,BCN,1218,Y,0,CR2
IB,2822,RNS,1415,BCN,1218,Y,0,320
IB,2822,SLM,1238,BCN,1218,Y,0,CR2
IB,2822,TLS,1273,BCN,1218,Y,0,320
IB,2822,VGO,1250,BCN,1218,Y,0,320
LS,3026,LBA,517,BCN,1218,,0,733
LX,4559,BSL,1423,BCN,1218,Y,0,AR1
U2,2297,BFS,465,BCN,1218,,0,319
U2,2297,BRS,490,BCN,1218,,0,319
U2,2297,LTN,492,BCN,1218,,0,319 320
U2,2297,NCL,521,BCN,1218,,0,319 320
U2,2297,SEN,508,BCN,1218,,0,319
UX,90,BJZ,1219,BCN,1218,,0,ATR
IB,2822,BIO,1216,LCG,1220,Y,0,320
IB,2822,SVQ,1253,LCG,1220,Y,0,320
FR,4296,BOH,494,GRO,1222,,0,738
FR,4296,BRE,353,GRO,1222,,0,738
FR,4296,BRS,490,GRO,1222,,0,738
FR,4296,BVA,1367,GRO,1222,,0,738
FR,4296,CGN,344,GRO,1222,,0,738
FR,4296,DTM,373,GRO,1222,,0,738
FR,4296,EIN,585,GRO,1222,,0,738
FR,4296,EMA,523,GRO,1222,,0,738
FR,4296,FKB,4166,GRO,1222,,0,738
FR,4296,FMM,3986,GRO,1222,,0,738
FR,4296,FMO,341,GRO,1222,,0,738
FR,4296,GRQ,586,GRO,1222,,0,738
FR,4296,HHN,355,GRO,1222,,0,738
FR,4296,LBA,517,GRO,1222,,0,738
FR,4296,LTN,492,GRO,1222,,0,738
FR,4296,MST,582,GRO,1222,,0,738
FR,4296,NCL,521,GRO,1222,,0,738
FR,4296,NRN,4198,GRO,1222,,0,738
FR,4296,STN,548,GRO,1222,,0,738
HQ,2684,MAH,1231,GRO,1222,,0,320
HV,5039,RTM,591,GRO,1222,,0,73H 73W
BA,1355,LCY,503,GRX,1223,,0,E90
IB,2822,MLN,1058,GRX,1223,Y,0,AT7
4U,2548,CGN,344,IBZ,1225,,0,320 319
4U,2548,STR,350,IBZ,1225,,0,319
AB,214,BSL,1423,IBZ,1225,,0,320
AB,214,FDH,382,IBZ,1225,,0,320
AB,214,FMO,341,IBZ,1225,,0,738
AB,214,HAJ,352,IBZ,1225,,0,738
AB,214,NUE,347,IBZ,1225,,0,738
AB,214,PAD,371,IBZ,1225,,0,738
BA,1355,LCY,503,IBZ,1225,Y,0,E70 E90
FR,4296,BOH,494,IBZ,1225,,0,738
FR,4296,BRS,490,IBZ,1225,,0,738
FR,4296,EIN,585,IBZ,1225,,0,738
FR,4296,EMA,523,IBZ,1225,,0,738
FR,4296,GRO,1222,IBZ,1225,,0,738
FR,4296,HHN,355,IBZ,1225,,0,738
FR,4296,LBA,517,IBZ,1225,,0,738
FR,4296,LPL,491,IBZ,1225,,0,738
FR,4296,MRS,1353,IBZ,1225,,0,738
FR,4296,NRN,4198,IBZ,1225,,0,738
FR,4296,PIK,537,IBZ,1225,,0,738
FR,4296,STN,548,IBZ,1225,,0,738
FR,4296,VLC,1246,IBZ,1225,,0,738
HV,5039,RTM,591,IBZ,1225,,0,73H 73W
IB,2822,BIO,1216,IBZ,1225,Y,0,320
IB,2822,ORY,1386,IBZ,1225,Y,0,320
LS,3026,NCL,521,IBZ,1225,,0,733
ST,2547,BRE,353,IBZ,1225,,0,319
TO,8745,LTN,492,IBZ,1225,,0,73H
U2,2297,SEN,508,IBZ,1225,,0,319
UX,90,SCQ,1243,IBZ,1225,,0,738
4U,2548,CGN,344,XRY,1226,,0,319
DE,1868,SXF,337,XRY,1226,,0,32S
FR,4296,HHN,355,XRY,1226,,0,738
X3,2681,HAJ,352,XRY,1226,,0,73H
FR,4296,BOH,494,MJV,1227,,0,738
FR,4296,EIN,585,MJV,1227,,0,738
FR,4296,EMA,523,MJV,1227,,0,738
FR,4296,LBA,517,MJV,1227,,0,738
FR,4296,LTN,492,MJV,1227,,0,738
FR,4296,PIK,537,MJV,1227,,0,738
LS,3026,BFS,465,MJV,1227,,0,733
LS,3026,NCL,521,MJV,1227,,0,733 73C
U2,2297,BRS,490,MJV,1227,,0,319 320
AF,137,ORY,1386,MAD,1229,Y,0,E90 738
AY,2350,PNA,1234,MAD,1229,Y,0,CR9
AY,2350,VGO,1250,MAD,1229,Y,0,32S
AY,2350,VLC,1246,MAD,1229,Y,0,CR9 CR2
AZ,596,LCG,1220,MAD,1229,Y,0,E90
AZ,596,TFN,1057,MAD,1229,Y,0,738 332
BA,1355,LCY,503,MAD,1229,Y,0,E90
FR,4296,BVA,1367,MAD,1229,,0,738
FR,4296,MRS,1353,MAD,1229,,0,738
FR,4296,OPO,1636,MAD,1229,,0,738
FR,4296,SCQ,1243,MAD,1229,,0,738
HV,5039,EIN,585,MAD,1229,,0,73W
HV,5039,RTM,591,MAD,1229,,0,73H 73W
IB,2822,BIO,1216,MAD,1229,,0,321 319 320
IB,2822,BOD,1264,MAD,1229,Y,0,CRK CR9
IB,2822,EAS,1242,MAD,1229,Y,0,AT7 CR2
IB,2822,GRX,1223,MAD,1229,Y,0,CR9 CRK CR2
IB,2822,LDE,1276,MAD,1229,Y,0,CR9
IB,2822,LEI,1213,MAD,1229,Y,0,CR9 CRK CR2 AT7
IB,2822,LYS,1335,MAD,1229,Y,0,CRK
IB,2822,MAH,1231,MAD,1229,Y,0,CRK
IB,2822,MJV,1227,MAD,1229,Y,0,CR2
IB,2822,MLN,1058,MAD,1229,Y,0,AT7
IB,2822,NTE,1418,MAD,1229,Y,0,CRK
IB,2822,OVD,1214,MAD,1229,,0,319 320
IB,2822,RJL,5781,MAD,1229,Y,0,CR2
IB,2822,SDR,1251,MAD,1229,,0,319
IB,2822,SPC,1053,MAD,1229,Y,0,32S
IB,2822,SVQ,1253,MAD,1229,Y,0,32S
IB,2822,SXB,1435,MAD,1229,Y,0,CR2
IB,2822,TLS,1273,MAD,1229,Y,0,CRK CR9 CR2
IB,2822,XRY,1226,MAD,1229,Y,0,CRK CR2 CR9
U2,2297,BRS,490,MAD,1229,,0,320 319
U2,2297,BSL,1423,MAD,1229,,0,319 320
U2,2297,LPL,491,MAD,1229,,0,320 319
U2,2297,LTN,492,MAD,1229,,0,319 320
U2,2297,SXF,337,MAD,1229,,0,320 319
UX,90,BJZ,1219,MAD,1229,,0,ATR
AB,214,CGN,344,AGP,1230,,0,738
BA,1355,LCY,503,AGP,1230,Y,0,E90
BE,2421,EXT,552,AGP,1230,,0,E95
BE,2421,SOU,495,AGP,1230,,0,E95
EI,837,BHD,467,AGP,1230,,0,320
EI,837,ORK,596,AGP,1230,,0,320
EI,837,SNN,603,AGP,1230,,0,320
FR,4296,BOH,494,AGP,1230,,0,738
FR,4296,BRE,353,AGP,1230,,0,738
FR,4296,BRS,490,AGP,1230,,0,738
FR,4296,BVA,1367,AGP,1230,,0,738
FR,4296,DTM,373,AGP,1230,,0,738
FR,4296,EIN,585,AGP,1230,,0,738
FR,4296,EMA,523,AGP,1230,,0,738
FR,4296,FKB,4166,AGP,1230,,0,738
FR,4296,FMM,3986,AGP,1230,,0,738
FR,4296,FMO,341,AGP,1230,,0,738
FR,4296,HHN,355,AGP,1230,,0,738
FR,4296,LBA,517,AGP,1230,,0,738
FR,4296,LPL,491,AGP,1230,,0,738
FR,4296,MRS,1353,AGP,1230,,0,738
FR,4296,NOC,600,AGP,1230,,0,738
FR,4296,NRN,4198,AGP,1230,,0,738
FR,4296,NUE,347,AGP,1230,,0,738
FR,4296,PIK,537,AGP,1230,,0,738
FR,4296,SCQ,1243,AGP,1230,,0,738
FR,4296,SDR,1251,AGP,1230,,0,738
HV,5039,RTM,591,AGP,1230,,0,73H 73W
IB,2822,BIO,1216,AGP,1230,Y,0,320
IB,2822,CWL,488,AGP,1230,Y,0,320
IB,2822,HAJ,352,AGP,1230,Y,0,320
IB,2822,LYS,1335,AGP,1230,,0,320
IB,2822,MLN,1058,AGP,1230,Y,0,AT7
IB,2822,NTE,1418,AGP,1230,Y,0,320
IB,2822,ORY,1386,AGP,1230,Y,0,320
IB,2822,OVD,1214,AGP,1230,Y,0,320
IB,2822,TFN,1057,AGP,1230,Y,0,320
IB,2822,TLS,1273,AGP,1230,Y,0,320
IB,2822,VLC,1246,AGP,1230,Y,0,AT7
LG,3329,XRY,1226,AGP,1230,,0,73H
LS,3026,BFS,465,AGP,1230,,0,733
LS,3026,BLK,514,AGP,1230,,0,733
LS,3026,NCL,521,AGP,1230,,0,733 73C
TO,8745,LTN,492,AGP,1230,,0,73H
U2,2297,BSL,1423,AGP,1230,,0,319 320
U2,2297,SEN,508,AGP,1230,,0,319
U2,2297,SXF,337,AGP,1230,,0,320 319
V7,20577,BOD,1264,AGP,1230,,0,717
BA,1355,LCY,503,MAH,1231,Y,0,E90
FR,4296,VLC,1246,MAH,1231,,0,738
LS,3026,LBA,517,MAH,1231,,0,733
LS,3026,NCL,521,MAH,1231,,0,733
X3,2681,HAJ,352,MAH,1231,,0,73H
ZB,220,LTN,492,MAH,1231,,0,321
FR,4296,EIN,585,REU,1236,,0,738
FR,4296,HHN,355,REU,1236,,0,738
FR,4296,LPL,491,REU,1236,,0,738
FR,4296,LTN,492,REU,1236,,0,738
FR,4296,PIK,537,REU,1236,,0,738
LS,3026,BFS,465,REU,1236,,0,733
LS,3026,NCL,521,REU,1236,,0,733
FR,4296,HHN,355,SCQ,1243,,0,738
FR,4296,SVQ,1253,SCQ,1243,,0,738
FR,4296,VLC,1246,SCQ,1243,,0,738
IB,2822,BIO,1216,SCQ,1243,Y,0,CR9
IB,2822,TFN,1057,SCQ,1243,Y,0,CR9
U2,2297,BSL,1423,SCQ,1243,,0,320 319
FR,4296,BVA,1367,VLC,1246,,0,738
FR,4296,HHN,355,VLC,1246,,0,738
FR,4296,MAH,1231,VLC,1246,,0,738
FR,4296,MRS,1353,VLC,1246,,0,738
FR,4296,NRN,4198,VLC,1246,,0,738
FR,4296,OPO,1636,VLC,1246,,0,738
FR,4296,SCQ,1243,VLC,1246,,0,738
FR,4296,SDR,1251,VLC,1246,,0,738
HV,5039,EIN,585,VLC,1246,,0,73H 73W
HV,5039,RTM,591,VLC,1246,,0,73W 73H
IB,2822,BIO,1216,VLC,1246,Y,0,CR2 CR9 AT7
IB,2822,ORY,1386,VLC,1246,Y,0,320
IB,2822,OVD,1214,VLC,1246,Y,0,CRK CR9
IB,2822,SVQ,1253,VLC,1246,Y,0,CRK CR2 CR9 AT7
IB,2822,TFN,1057,VLC,1246,Y,0,CR9
V7,20577,NTE,1418,VLC,1246,,0,717
FR,4296,HHN,355,SDR,1251,,0,738
FR,4296,NRN,4198,SDR,1251,,0,738
FR,4296,SVQ,1253,SDR,1251,,0,738
FR,4296,VLC,1246,SDR,1251,,0,738
FR,4296,BVA,1367,ZAZ,1252,,0,738
AF,137,TLS,1273,SVQ,1253,,0,319
FR,4296,BOD,1264,SVQ,1253,,0,738
FR,4296,BVA,1367,SVQ,1253,,0,738
FR,4296,EIN,585,SVQ,1253,,0,738
FR,4296,MRS,1353,SVQ,1253,,0,738
FR,4296,SCQ,1243,SVQ,1253,,0,738
FR,4296,SDR,1251,SVQ,1253,,0,738
IB,2822,LCG,1220,SVQ,1253,Y,0,320
IB,2822,LYS,1335,SVQ,1253,,0,320
IB,2822,NTE,1418,SVQ,1253,,0,320
IB,2822,ORY,1386,SVQ,1253,Y,0,320
IB,2822,OVD,1214,SVQ,1253,,0,320
IB,2822,TFN,1057,SVQ,1253,Y,0,320
IB,2822,VLC,1246,SVQ,1253,Y,0,CRK CR2 CR9 AT7
UX,90,LEI,1213,SVQ,1253,,0,ATR
A5,1203,DCM,1285,AGF,1262,,0,AT5
A5,1203,ORY,1386,AGF,1262,,0,AT5
A5,1203,LIL,1399,BOD,1264,,0,E70 CR7 E90
A5,1203,LYS,1335,BOD,1264,,0,E90 E70
A5,1203,NTE,1418,BOD,1264,,0,ER4
A5,1203,SXB,1435,BOD,1264,,0,E70 ER4
AF,137,MRS,1353,BOD,1264,,0,319 320
AF,137,ORY,1386,BOD,1264,,0,321 319 320
CE,3613,BES,1403,BOD,1264,,0,BEH
CE,3613,RNS,1415,BOD,1264,,0,BEH
FR,4296,OPO,1636,BOD,1264,,0,738
FR,4296,SVQ,1253,BOD,1264,,0,738
U2,2297,LTN,492,BOD,1264,,0,319
V7,20577,AJA,1324,BOD,1264,,0,717
V7,20577,BIA,1321,BOD,1264,,0,717
V7,20577,CLY,1322,BOD,1264,,0,717
V7,20577,FSC,1323,BOD,1264,,0,717
AF,137,EXT,552,EGC,1265,Y,0,DH4
AF,137,SOU,495,EGC,1265,Y,0,DH4
FR,4296,LPL,491,EGC,1265,,0,738
HV,5039,RTM,591,EGC,1265,,0,73H 73W
T7,4965,PGX,1279,EGC,1265,,0,BEH
A5,1203,AJA,1324,PIS,1268,,0,AT5
A5,1203,LRH,6493,PIS,1268,,0,AT5
A5,1203,LYS,1335,PIS,1268,,0,AT5
FR,4296,SNN,603,PIS,1268,,0,738
AF,137,SOU,495,LIG,1270,Y,0,DH4
CE,3613,AVN,1361,LIG,1270,,0,ATR
CE,3613,LYS,1335,LIG,1270,,0,ATR
FR,4296,LBA,517,LIG,1270,,0,738
FR,4296,LPL,491,LIG,1270,,0,738
T7,4965,ORY,1386,LIG,1270,,0,BEH
A5,1203,LIL,1399,TLS,1273,,0,E70
A5,1203,MRS,1353,TLS,1273,,0,AT5
A5,1203,NTE,1418,TLS,1273,,0,CR7
A5,1203,RNS,1415,TLS,1273,,0,CRJ CR7
AF,137,AJA,1324,TLS,1273,Y,0,320
AF,137,LYS,1335,TLS,1273,,0,319 320 CRK
AF,137,ORY,1386,TLS,1273,,0,320 319 321
AF,137,SVQ,1253,TLS,1273,,0,319
AF,137,SXB,1435,TLS,1273,,0,319 320
BM,312,BRE,353,TLS,1273,,0,ER4
ST,2547,CEG,519,TLS,1273,,0,ER4
ST,2547,XFW,362,TLS,1273,,0,319
T3,2117,DIJ,1425,TLS,1273,Y,0,J41
T7,4965,ETZ,1320,TLS,1273,,0,BEH
U2,2297,BIA,1321,TLS,1273,,0,319
A5,1203,LYS,1335,PUF,1274,,0,AT7 ER4 CRJ CR7
T7,4965,MRS,1353,PUF,1274,,0,BEH
LG,3329,FSC,1323,ANG,1277,,0,DH4
A5,1203,AJA,1324,BVE,1278,,0,AT5
AF,137,LCY,503,BVE,1278,Y,0,AR8
T7,4965,EGC,1265,PGX,1279,,0,BEH
A5,1203,LIL,1399,BIQ,1280,,0,ER4
A5,1203,LYS,1335,BIQ,1280,,0,CR7 ER4
AF,137,MRS,1353,BIQ,1280,,0,320 319
V7,20577,SXB,1435,BIQ,1280,,0,717
A5,1203,AGF,1262,DCM,1285,,0,AT5
A5,1203,AJA,1324,DCM,1285,,0,AT5
FR,4296,OPO,1636,DLE,1309,,0,738
A5,1203,LYS,1335,ETZ,1320,,0,ER4 AT7 CRJ
T7,4965,MRS,1353,ETZ,1320,,0,BEH
T7,4965,TLS,1273,ETZ,1320,,0,BEH
A5,1203,LIL,1399,BIA,1321,,0,E70
AF,137,EBU,1350,BIA,1321,Y,0,AT7
AF,137,LYS,1335,BIA,1321,Y,0,320
AF,137,MRS,1353,BIA,1321,Y,0,320
AF,137,NTE,1418,BIA,1321,Y,0,320
U2,2297,TLS,1273,BIA,1321,,0,319
V7,20577,BES,1403,BIA,1321,,0,717
V7,20577,BOD,1264,BIA,1321,,0,717
V7,20577,SXB,1435,BIA,1321,,0,717
A5,1203,NTE,1418,CLY,1322,,0,E70
AB,214,FMM,3986,CLY,1322,,0,320
AF,137,MRS,1353,CLY,1322,Y,0,AT7
V7,20577,BOD,1264,CLY,1322,,0,717
A5,1203,LIL,1399,FSC,1323,,0,CRK
A5,1203,NTE,1418,FSC,1323,,0,CRK
AF,137,MRS,1353,FSC,1323,Y,0,AT7
LG,3329,ANG,1277,FSC,1323,,0,DH4
V7,20577,BOD,1264,FSC,1323,,0,717
A5,1203,BVE,1278,AJA,1324,,0,AT5
A5,1203,DCM,1285,AJA,1324,,0,AT5
A5,1203,PIS,1268,AJA,1324,,0,AT5
AF,137,LYS,1335,AJA,1324,Y,0,320
AF,137,MRS,1353,AJA,1324,Y,0,320 AT7
AF,137,NTE,1418,AJA,1324,Y,0,320
AF,137,TLS,1273,AJA,1324,Y,0,320
CE,3613,AVN,1361,AJA,1324,,0,ATR
HQ,2684,LIL,1399,AJA,1324,,0,320
V7,20577,BES,1403,AJA,1324,,0,717
V7,20577,BOD,1264,AJA,1324,,0,717
V7,20577,CFR,1412,AJA,1324,,0,717
V7,20577,MPL,1359,AJA,1324,,0,717
V7,20577,SXB,1435,AJA,1324,,0,717
FR,4296,OPO,1636,CFE,1330,,0,738
A5,1203,BES,1403,LYS,1335,,0,CR7 CRK ER4
A5,1203,BIQ,1280,LYS,1335,,0,CR7 ER4
A5,1203,BOD,1264,LYS,1335,,0,E90 E70
A5,1203,CFE,1330,LYS,1335,,0,ER4
A5,1203,CFR,1412,LYS,1335,,0,CR7
A5,1203,ETZ,1320,LYS,1335,,0,AT7 ER4 CRJ
A5,1203,LIL,1399,LYS,1335,,0,ER4 CRJ
A5,1203,MPL,1359,LYS,1335,,0,AT5
A5,1203,NTE,1418,LYS,1335,,0,CRK E70 ER4
A5,1203,PIS,1268,LYS,1335,,0,AT5
A5,1203,PUF,1274,LYS,1335,,0,CRK AT7 ER4 CRJ CR7
A5,1203,RNS,1415,LYS,1335,,0,CRK CR7
A5,1203,SXB,1435,LYS,1335,,0,CR7 CRK
AF,137,AJA,1324,LYS,1335,Y,0,320
AF,137,BIA,1321,LYS,1335,Y,0,320
AF,137,TLS,1273,LYS,1335,,0,319 320 CRK
CE,3613,LIG,1270,LYS,1335,,0,ATR
IB,2822,SVQ,1253,LYS,1335,,0,320
T3,2117,LRT,1409,LYS,1335,,0,J41
T7,4965,LEH,1371,LYS,1335,,0,BEH
TO,8745,OPO,1636,LYS,1335,,0,73H
U2,2297,SXF,337,LYS,1335,,0,319
AF,137,BIA,1321,EBU,1350,Y,0,AT7
FR,4296,OPO,1636,EBU,1350,,0,738
FR,4296,BOH,494,CCF,1352,,0,738
FR,4296,EIN,585,CCF,1352,,0,738
FR,4296,LPL,491,CCF,1352,,0,738
FR,4296,OPO,1636,CCF,1352,,0,738
FR,4296,PIK,537,CCF,1352,,0,738
A5,1203,SXB,1435,MRS,1353,,0,CR7 ER4 E70
A5,1203,TLS,1273,MRS,1353,,0,AT5
AF,137,AJA,1324,MRS,1353,Y,0,320 AT7
AF,137,BES,1403,MRS,1353,,0,319
AF,137,BIA,1321,MRS,1353,Y,0,320
AF,137,BIQ,1280,MRS,1353,,0,320 319
AF,137,BOD,1264,MRS,1353,,0,319 320
AF,137,CLY,1322,MRS,1353,Y,0,AT7
AF,137,FSC,1323,MRS,1353,Y,0,AT7
AF,137,LIL,1399,MRS,1353,,0,319
AF,137,RNS,1415,MRS,1353,,0,319
FR,4296,EIN,585,MRS,1353,,0,738
FR,4296,OPO,1636,MRS,1353,,0,738
FR,4296,SVQ,1253,MRS,1353,,0,738
FR,4296,TUF,1376,MRS,1353,,0,738
FR,4296,VLC,1246,MRS,1353,,0,738
ST,2547,AGB,374,MRS,1353,,0,FRJ
T7,4965,ETZ,1320,MRS,1353,,0,BEH
T7,4965,PUF,1274,MRS,1353,,0,BEH
A5,1203,BES,1403,NCE,1354,,0,CR7
A5,1203,BIQ,1280,NCE,1354,,0,CR7
A5,1203,BOD,1264,NCE,1354,,0,CR7
A5,1203,CFE,1330,NCE,1354,,0,ER4
A5,1203,CFR,1412,NCE,1354,,0,CR7
A5,1203,ETZ,1320,NCE,1354,,0,ER4 CRJ CR7
A5,1203,RNS,1415,NCE,1354,,0,CRK CR7
A5,1203,TLS,1273,NCE,1354,,0,AT7
AF,137,AJA,1324,NCE,1354,Y,0,AT7
AF,137,BIA,1321,NCE,1354,Y,0,AT7
AF,137,CLY,1322,NCE,1354,Y,0,AT7
AF,137,FSC,1323,NCE,1354,Y,0,AT7
AF,137,LIL,1399,NCE,1354,,0,319 320
AF,137,SOU,495,NCE,1354,Y,0,E95
AF,137,SXB,1435,NCE,1354,,0,320 319
BA,1355,LCY,503,NCE,1354,Y,0,E70 E90
EI,837,ORK,596,NCE,1354,,0,320
FR,4296,SNN,603,NCE,1354,,0,738
HV,5039,EIN,585,NCE,1354,,0,73W 73H
HV,5039,RTM,591,NCE,1354,,0,73W 73H
LS,3026,LBA,517,NCE,1354,,0,733
T7,4965,LIG,1270,NCE,1354,,0,BEH
U2,2297,BFS,465,NCE,1354,,0,319
U2,2297,LPL,491,NCE,1354,,0,319 320
U2,2297,LTN,492,NCE,1354,,0,319 320
U2,2297,SXF,337,NCE,1354,,0,319
A5,1203,LIL,1399,MPL,1359,,0,E70
A5,1203,SXB,1435,MPL,1359,,0,E70
FR,4296,HHN,355,MPL,1359,,0,738
FR,4296,LBA,517,MPL,1359,,0,738
HV,5039,RTM,591,MPL,1359,,0,73W 73H
U2,2297,LTN,492,MPL,1359,,0,319
V7,20577,AJA,1324,MPL,1359,,0,717
FR,4296,BRE,353,BZR,1360,,0,738
FR,4296,BVA,1367,BZR,1360,,0,738
FR,4296,LTN,492,BZR,1360,,0,738
FR,4296,NRN,4198,BZR,1360,,0,738
CE,3613,AJA,1324,AVN,1361,,0,ATR
CE,3613,LIG,1270,AVN,1361,,0,ATR
FR,4296,BZR,1360,BVA,1367,,0,738
FR,4296,GRO,1222,BVA,1367,,0,738
FR,4296,SNN,603,BVA,1367,,0,738
FR,4296,SVQ,1253,BVA,1367,,0,738
FR,4296,VLC,1246,BVA,1367,,0,738
FR,4296,ZAZ,1252,BVA,1367,,0,738
AF,137,ABZ,532,CDG,1382,,0,E70
AF,137,BES,1403,CDG,1382,,0,318 321
AF,137,BOD,1264,CDG,1382,,0,321 320 32A 318
AF,137,BRE,353,CDG,1382,,0,E70
AF,137,CFE,1330,CDG,1382,,0,E70 E90
AF,137,CLY,1322,CDG,1382,,0,320
AF,137,EXT,552,CDG,1382,Y,0,DH4
AF,137,HAJ,352,CDG,1382,,0,E70 AR8
AF,137,MPL,1359,CDG,1382,,0,320 318 319 32A
AF,137,NUE,347,CDG,1382,,0,E70
AF,137,PUF,1274,CDG,1382,,0,E90
AF,137,RNS,1415,CDG,1382,,0,AT7
AF,137,TLS,1273,CDG,1382,,0,320 319 321
AF,137,VGO,1250,CDG,1382,,0,E70
AF,137,VLC,1246,CDG,1382,Y,0,738
EI,837,ORK,596,CDG,1382,,0,320
F7,2420,LEJ,348,CDG,1382,,0,S20
IB,2822,OVD,1214,CDG,1382,Y,0,320
IB,2822,SCQ,1243,CDG,1382,Y,0,320
LS,3026,LBA,517,CDG,1382,,0,733
U2,2297,AJA,1324,CDG,1382,,0,319
U2,2297,BFS,465,CDG,1382,,0,319
U2,2297,BIA,1321,CDG,1382,,0,319
U2,2297,BIQ,1280,CDG,1382,,0,319
U2,2297,LPL,491,CDG,1382,,0,319 320
A5,1203,AGF,1262,ORY,1386,,0,AT5
A5,1203,AUR,1344,ORY,1386,,0,AT5
A5,1203,BVE,1278,ORY,1386,,0,AT5
A5,1203,CFR,1412,ORY,1386,,0,BEH
A5,1203,DCM,1285,ORY,1386,,0,AT5
A5,1203,LAI,1416,ORY,1386,,0,AT5
A5,1203,LDE,1276,ORY,1386,,0,CR7
A5,1203,LRH,6493,ORY,1386,,0,BEH
A5,1203,LRT,1409,ORY,1386,,0,CR7
A5,1203,PGF,1356,ORY,1386,,0,CRK CR7
A5,1203,RDZ,1289,ORY,1386,,0,AT7
A5,1203,UIP,1417,ORY,1386,,0,CR7
AF,137,AJA,1324,ORY,1386,,0,321 320 319
AF,137,BES,1403,ORY,1386,,0,319 CRK
AF,137,BIA,1321,ORY,1386,,0,321 319
AF,137,BIQ,1280,ORY,1386,,0,CRK 319 321 320
AF,137,BOD,1264,ORY,1386,,0,321 319 320
AF,137,CFE,1330,ORY,1386,,0,AT7 CRK
AF,137,CLY,1322,ORY,1386,,0,320 319
AF,137,CWL,488,ORY,1386,Y,0,F50
AF,137,LCY,503,ORY,1386,,0,F50
AF,137,MPL,1359,ORY,1386,,0,321 319 CRK
AF,137,PUF,1274,ORY,1386,,0,319 CRK
AF,137,SOU,495,ORY,1386,Y,0,DH4
AF,137,SXB,1435,ORY,1386,,0,CRK AT7
AF,137,TLN,1438,ORY,1386,,0,CRK 319 321 320
IB,2822,TFN,1057,ORY,1386,,0,321
IB,2822,VLC,1246,ORY,1386,Y,0,320
S4,4304,PDL,1633,ORY,1386,,0,320
T7,4965,LIG,1270,ORY,1386,,0,BEH
T7,4965,PGX,1279,ORY,1386,,0,BEH
U2,2297,SXF,337,ORY,1386,,0,320
UD,2757,LPY,1313,ORY,1386,,0,BEH
XK,1909,FSC,1323,ORY,1386,,0,320
ZI,21,FNC,4091,ORY,1386,,0,320
A5,1203,BIA,1321,LIL,1399,,0,E70
A5,1203,BIQ,1280,LIL,1399,,0,ER4
A5,1203,BOD,1264,LIL,1399,,0,E70 CR7 E90
A5,1203,FSC,1323,LIL,1399,,0,CRK
A5,1203,MPL,1359,LIL,1399,,0,E70
A5,1203,SXB,1435,LIL,1399,,0,ER4 CRJ
HQ,2684,AJA,1324,LIL,1399,,0,320
AF,137,LCY,503,BES,1403,Y,0,F50
AF,137,SOU,495,BES,1403,Y,0,DH4
CE,3613,BOD,1264,BES,1403,,0,BEH
V7,20577,AJA,1324,BES,1403,,0,717
V7,20577,BIA,1321,BES,1403,,0,717
AF,137,LCY,503,DOL,1408,Y,0,F50
V7,20577,AJA,1324,CFR,1412,,0,717
AF,137,EXT,552,RNS,1415,Y,0,DH4
AF,137,SOU,495,RNS,1415,Y,0,DH4
CE,3613,BOD,1264,RNS,1415,,0,BEH
A5,1203,BOD,1264,NTE,1418,,0,ER4
A5,1203,CLY,1322,NTE,1418,,0,E70
A5,1203,FSC,1323,NTE,1418,,0,CRK
A5,1203,LIL,1399,NTE,1418,,0,ER4
A5,1203,MPL,1359,NTE,1418,,0,E70 CRK ER4
A5,1203,SXB,1435,NTE,1418,,0,ER4
AF,137,AJA,1324,NTE,1418,Y,0,320
AF,137,BIA,1321,NTE,1418,Y,0,320
AF,137,LCY,503,NTE,1418,Y,0,AR8 F50
AF,137,SOU,495,NTE,1418,Y,0,DH4
V7,20577,PGF,1356,NTE,1418,,0,717
LX,4559,LCY,503,BSL,1423,Y,0,AR1
U2,2297,AJA,1324,BSL,1423,,0,319
U2,2297,BOD,1264,BSL,1423,,0,319 320
U2,2297,DRS,338,BSL,1423,,0,319 320
U2,2297,MPL,1359,BSL,1423,,0,319
U2,2297,SCQ,1243,BSL,1423,,0,320 319
U2,2297,SXF,337,BSL,1423,,0,319 320
X3,2681,FNC,4091,BSL,1423,,0,73H
A5,1203,BOD,1264,SXB,1435,,0,E70 ER4
A5,1203,LIL,1399,SXB,1435,,0,CRJ ER4
A5,1203,MPL,1359,SXB,1435,,0,E70
V7,20577,AJA,1324,SXB,1435,,0,717
V7,20577,BIA,1321,SXB,1435,,0,717
V7,20577,BIQ,1280,SXB,1435,,0,717
HV,5039,RTM,591,TLN,1438,,0,73W 73H
FR,4296,LPL,491,FNI,1439,,0,738
SP,4429,PDL,1633,SMA,1617,,0,DH4
SP,4429,CVU,5793,FLW,1625,,0,DH2
SP,4429,HOR,1628,FLW,1625,,0,DH4
SP,4429,PDL,1633,FLW,1625,,0,DH4
SP,4429,TER,1629,FLW,1625,,0,DH4
BE,2421,EXT,552,FAO,1626,,0,E95
BE,2421,SOU,495,FAO,1626,,0,E95
EI,837,BHD,467,FAO,1626,,0,320
EI,837,ORK,596,FAO,1626,,0,320
EI,837,SNN,603,FAO,1626,,0,320
FR,4296,BOH,494,FAO,1626,,0,738
FR,4296,BRE,353,FAO,1626,,0,738
FR,4296,BVA,1367,FAO,1626,,0,738
FR,4296,DTM,373,FAO,1626,,0,738
FR,4296,EIN,585,FAO,1626,,0,738
FR,4296,FMM,3986,FAO,1626,,0,738
FR,4296,HHN,355,FAO,1626,,0,738
FR,4296,KIR,601,FAO,1626,,0,738
FR,4296,LDY,468,FAO,1626,,0,738
FR,4296,LPL,491,FAO,1626,,0,738
FR,4296,MST,582,FAO,1626,,0,738
FR,4296,NOC,600,FAO,1626,,0,738
FR,4296,NRN,4198,FAO,1626,,0,738
FR,4296,PIK,537,FAO,1626,,0,738
HQ,2684,LIL,1399,FAO,1626,,0,320
HV,5039,GRQ,586,FAO,1626,,0,73H
HV,5039,RTM,591,FAO,1626,,0,73H 73W
LS,3026,BFS,465,FAO,1626,,0,733
LS,3026,BLK,514,FAO,1626,,0,733
U2,2297,SEN,508,FAO,1626,,0,319
X3,2681,HAJ,352,FAO,1626,,0,73H
SP,4429,TER,1629,GRW,1627,,0,DH4 DH2
SP,4429,CVU,5793,HOR,1628,,0,DH2
SP,4429,FLW,1625,HOR,1628,,0,DH4
SP,4429,PDL,1633,HOR,1628,,0,DH2 DH4
SP,4429,TER,1629,HOR,1628,,0,DH4 DH2
S4,4304,PIX,1634,TER,1629,Y,0,320
SP,4429,FLW,1625,TER,1629,,0,DH4
SP,4429,GRW,1627,TER,1629,,0,DH4 DH2
SP,4429,HOR,1628,TER,1629,,0,DH4 DH2
SP,4429,PDL,1633,TER,1629,,0,DH4 DH2
SP,4429,SJZ,1639,TER,1629,,0,DH4 DH2
NT,1539,FNC,4091,PDL,1633,,0,DH4
S4,4304,SMA,1617,PDL,1633,,0,320
SP,4429,FLW,1625,PDL,1633,,0,DH4
SP,4429,HOR,1628,PDL,1633,,0,DH2 DH4
SP,4429,PIX,1634,PDL,1633,,0,DH4
SP,4429,SJZ,1639,PDL,1633,,0,DH4 DH2
SP,4429,TER,1629,PDL,1633,,0,DH4 DH2
SP,4429,PDL,1633,PIX,1634,,0,DH4
SP,4429,TER,1629,PIX,1634,,0,DH4
FR,4296,BOD,1264,OPO,1636,,0,738
FR,4296,BRE,353,OPO,1636,,0,738
FR,4296,BVA,1367,OPO,1636,,0,738
FR,4296,CCF,1352,OPO,1636,,0,738
FR,4296,CFE,1330,OPO,1636,,0,738
FR,4296,DLE,1309,OPO,1636,,0,738
FR,4296,DTM,373,OPO,1636,,0,738
FR,4296,EBU,1350,OPO,1636,,0,738
FR,4296,EIN,585,OPO,1636,,0,738
FR,4296,FKB,4166,OPO,1636,,0,738
FR,4296,FMM,3986,OPO,1636,,0,738
FR,4296,HHN,355,OPO,1636,,0,738
FR,4296,LIL,1399,OPO,1636,,0,738
FR,4296,LPL,491,OPO,1636,,0,738
FR,4296,LRH,6493,OPO,1636,,0,738
FR,4296,MST,582,OPO,1636,,0,738
FR,4296,NRN,4198,OPO,1636,,0,738
FR,4296,SXB,1435,OPO,1636,,0,738
FR,4296,TUF,1376,OPO,1636,,0,738
FR,4296,XCR,1374,OPO,1636,,0,738
S4,4304,FNC,4091,OPO,1636,Y,0,319 320 100
S4,4304,PDL,1633,OPO,1636,,0,320
S4,4304,TER,1629,OPO,1636,,0,320
EI,837,ORK,596,LIS,1638,,0,320
EY,2222,PXO,1637,LIS,1638,,0,100 32S
FR,4296,BVA,1367,LIS,1638,,0,738
FR,4296,DLE,1309,LIS,1638,,0,738
FR,4296,HHN,355,LIS,1638,,0,738
HV,5039,EIN,585,LIS,1638,,0,73H 73W
S4,4304,FNC,4091,LIS,1638,Y,0,321 319 100 320
S4,4304,HOR,1628,LIS,1638,,0,320
S4,4304,PDL,1633,LIS,1638,,0,313 320
S4,4304,TER,1629,LIS,1638,,0,320
TP,4869,LCG,1220,LIS,1638,Y,0,BEH
TP,4869,SXF,337,LIS,1638,,0,319 320
U2,2297,LPL,491,LIS,1638,,0,319 320
SP,4429,PDL,1633,SJZ,1639,,0,DH4 DH2
SP,4429,TER,1629,SJZ,1639,,0,DH4 DH2
AB,214,CLY,1322,FMM,3986,,0,320
FR,4296,GRO,1222,FMM,3986,,0,738
FR,4296,SNN,603,FMM,3986,,0,738
4U,2548,DTM,373,PMI,3998,,0,319 320
4U,2548,HAJ,352,PMI,3998,,0,319
AB,214,BRE,353,PMI,3998,,0,320 738 319
AB,214,DRS,338,PMI,3998,,0,738 321
AB,214,FDH,382,PMI,3998,,0,320
AB,214,FKB,4166,PMI,3998,,0,320 321 73G
AB,214,FMO,341,PMI,3998,,0,738 320
AB,214,LEI,1213,PMI,3998,,0,738
AB,214,LEJ,348,PMI,3998,,0,738 320
AB,214,MAH,1231,PMI,3998,,0,320 319
AB,214,NUE,347,PMI,3998,,0,738
AB,214,PAD,371,PMI,3998,,0,738 320
AB,214,SCN,349,PMI,3998,,0,73G 738 320
AB,214,XRY,1226,PMI,3998,,0,320
BE,2421,EXT,552,PMI,3998,,0,E95
BE,2421,SOU,495,PMI,3998,,0,E95
DE,1868,SXF,337,PMI,3998,,0,321
EI,837,BHD,467,PMI,3998,,0,320 319
EI,837,ORK,596,PMI,3998,,0,320
FR,4296,BOH,494,PMI,3998,,0,738
FR,4296,BVA,1367,PMI,3998,,0,738
FR,4296,EIN,585,PMI,3998,,0,738
FR,4296,FMM,3986,PMI,3998,,0,738
FR,4296,GRO,1222,PMI,3998,,0,738
FR,4296,GRQ,586,PMI,3998,,0,738
FR,4296,HHN,355,PMI,3998,,0,738
FR,4296,LBC,364,PMI,3998,,0,738
FR,4296,LPL,491,PMI,3998,,0,738
FR,4296,MST,582,PMI,3998,,0,738
FR,4296,NRN,4198,PMI,3998,,0,738
FR,4296,PIK,537,PMI,3998,,0,738
FR,4296,REU,1236,PMI,3998,,0,738
FR,4296,SCQ,1243,PMI,3998,,0,738
FR,4296,SDR,1251,PMI,3998,,0,738
FR,4296,SNN,603,PMI,3998,,0,738
HV,5039,RTM,591,PMI,3998,,0,73H
IB,2822,GRX,1223,PMI,3998,Y,0,320
IB,2822,ILD,7459,PMI,3998,Y,0,CR9
IB,2822,OVD,1214,PMI,3998,Y,0,CR9 CRK
LS,3026,BFS,465,PMI,3998,,0,733
LS,3026,BLK,514,PMI,3998,,0,73C
ST,2547,ERF,339,PMI,3998,,0,73G
ST,2547,KSF,400,PMI,3998,,0,321
ST,2547,RLG,772,PMI,3998,,0,73G
TO,8745,CWL,488,PMI,3998,,0,73H
TO,8745,DSA,5562,PMI,3998,,0,73H
U2,2297,SEN,508,PMI,3998,,0,319
UX,90,VLL,1247,PMI,3998,,0,738
UX,90,ZAZ,1252,PMI,3998,,0,E90
X3,2681,ZQW,393,PMI,3998,,0,73H
AB,214,LEJ,348,FNC,4091,,0,738
NT,1539,PDL,1633,FNC,4091,,0,DH4
ST,2547,BRE,353,FNC,4091,,0,319
X3,2681,HAJ,352,FNC,4091,,0,73H
FR,4296,GRO,1222,FKB,4166,,0,738
FR,4296,BZR,1360,NRN,4198,,0,738
FR,4296,GRO,1222,NRN,4198,,0,738
FR,4296,LEI,1213,NRN,4198,,0,738
FR,4296,SDR,1251,NRN,4198,,0,738
IOS,2951,EXT,552,ISC,4347,,0,DHT
IOS,2951,LEQ,5572,ISC,4347,,0,DHT BNT
IOS,2951,NQY,481,ISC,4347,,0,DHT
4U,2548,DTM,373,HDF,5557,,0,319
LM,3287,KOI,529,EOI,5564,,0,BNI
LM,3287,NRL,5566,EOI,5564,,0,BNI
LM,3287,KOI,529,NRL,5566,,0,BNI
LM,3287,PPW,5567,NRL,5566,,0,BNI
LM,3287,KOI,529,PPW,5567,,0,BNI
LM,3287,NRL,5566,PPW,5567,,0,BNI
LM,3287,WRY,5571,PPW,5567,,0,BNI
LM,3287,KOI,529,SOY,5568,,0,BNI
LM,3287,NDY,5569,SOY,5568,,0,BNI
LM,3287,KOI,529,NDY,5569,,0,BNI
LM,3287,NRL,5566,NDY,5569,,0,BNI
LM,3287,SOY,5568,NDY,5569,,0,BNI
LM,3287,KOI,529,WRY,5571,,0,BNI
LM,3287,PPW,5567,WRY,5571,,0,BNI
IOS,2951,ISC,4347,LEQ,5572,,0,DHT BNT
V9,10800,CWL,488,VLY,5574,,0,J31
NT,1539,TFN,1057,GMZ,5659,Y,0,AT7
SP,4429,FLW,1625,CVU,5793,,0,DH2
SP,4429,HOR,1628,CVU,5793,,0,DH2
A5,1203,PIS,1268,LRH,6493,,0,AT5
AF,137,SOU,495,LRH,6493,Y,0,DH4
